branch_index,point_index,par,mu,l0,mode_k
0,0,0.000000,-0.000000,0.000000,0.250000
0,1,0.200000,-0.000000,0.000000,0.250000
0,2,0.400000,-0.000000,-0.000000,0.250000
0,3,0.600000,-0.000000,0.000000,0.250000
0,4,0.800000,0.000000,0.000000,0.250000
0,5,1.000000,-0.000000,0.000000,0.250000
0,6,1.200000,-0.000000,-0.000000,0.250000
0,7,1.400000,-0.000000,-0.000000,0.250000
0,8,1.600000,-0.000000,0.000000,0.250000
0,9,1.800000,-0.000000,-0.000000,0.250000
0,10,2.000000,0.000000,0.000000,0.250000
0,11,2.200000,-0.000000,0.000000,0.250000
0,12,2.400000,0.000000,0.000000,0.250000
0,13,2.600000,-0.000000,0.000000,0.250000
0,14,2.800000,-0.000000,-0.000000,0.250000
0,15,3.000000,-0.000000,0.000000,0.250000
0,16,3.200000,-0.000000,0.000000,0.250000
0,17,3.400000,-0.000000,0.000000,0.250000
0,18,3.600000,-0.000000,0.000000,0.250000
0,19,3.800000,-0.000000,0.000000,0.250000
0,20,4.000000,0.000000,0.070079,0.250000
0,21,4.200000,0.000000,0.587256,0.250000
0,22,4.400000,0.000000,1.107176,0.250000
0,23,4.600000,0.000000,1.630002,0.250000
0,24,4.800000,-0.000000,2.155914,0.250000
0,25,5.000000,0.000000,2.685107,0.250000
0,26,5.200000,-0.000000,3.217790,0.250000
0,27,5.400000,0.000000,3.754193,0.250000
0,28,5.600000,0.000000,4.294563,0.250000
0,29,5.800000,0.000000,4.839185,0.250000
0,30,6.000000,0.000000,5.388342,0.250000
0,31,6.200000,-0.000000,5.942367,0.250000
0,32,6.400000,0.000000,6.501616,0.250000
0,33,6.600000,0.000000,7.066479,0.250000
0,34,6.800000,-0.000000,7.637386,0.250000
0,35,7.000000,0.000000,8.214807,0.250000
0,36,7.200000,0.000000,8.799261,0.250000
0,37,7.400000,-0.000000,9.391316,0.250000
0,38,7.600000,0.000000,9.991599,0.250000
0,39,7.800000,0.000000,10.600799,0.250000
0,40,8.000000,-0.000000,11.219672,0.250000
0,41,8.200000,0.000000,12.071619,0.250000
0,42,8.400000,0.000000,13.347373,0.250000
0,43,8.600000,0.000000,14.624235,0.250000
0,44,8.800000,0.000000,15.902228,0.250000
0,45,9.000000,0.000000,17.181367,0.250000
0,46,9.200000,0.000000,18.461680,0.250000
0,47,9.400000,0.000000,19.743188,0.250000
0,48,9.600000,0.000000,21.025908,0.250000
0,49,9.800000,-0.000000,22.309870,0.250000
0,50,10.000000,-0.000000,23.595094,0.250000
0,51,10.200000,-0.000000,24.881606,0.250000
0,52,10.400000,-0.000000,26.169431,0.250000
0,53,10.600000,0.000000,27.458593,0.250000
0,54,10.800000,-0.000000,28.749120,0.250000
0,55,11.000000,-0.000000,30.041038,0.250000
0,56,11.200000,0.000000,31.334375,0.250000
0,57,11.400000,0.000000,32.629157,0.250000
0,58,11.600000,0.000000,33.925420,0.250000
0,59,11.800000,0.000000,35.223186,0.250000
0,60,12.000000,0.000000,36.522489,0.250000
0,61,12.200000,-0.000000,37.823358,0.250000
0,62,12.400000,0.000000,39.125829,0.250000
0,63,12.600000,-0.000000,40.429932,0.250000
0,64,12.800000,0.000000,41.735702,0.250000
0,65,13.000000,0.000000,43.043172,0.250000
0,66,13.200000,0.000000,44.352378,0.250000
0,67,13.400000,0.000000,45.663358,0.250000
0,68,13.600000,0.000000,46.976147,0.250000
0,69,13.800000,-0.000000,48.290785,0.250000
0,70,14.000000,0.000000,49.607309,0.250000
0,71,14.200000,-0.000000,50.925762,0.250000
0,72,14.400000,0.000000,52.246183,0.250000
0,73,14.600000,0.000000,53.568614,0.250000
0,74,14.800000,0.000000,54.893101,0.250000
0,75,15.000000,0.000000,56.219685,0.250000
0,76,15.200000,0.000000,57.548413,0.250000
0,77,15.400000,0.000000,58.879331,0.250000
0,78,15.600000,0.000000,60.212486,0.250000
0,79,15.800000,0.000000,61.547928,0.250000
0,80,16.000000,0.000000,62.885705,0.250000
0,81,16.200000,0.000000,64.225870,0.250000
0,82,16.400000,0.000000,65.568474,0.250000
0,83,16.600000,-0.000000,66.913571,0.250000
0,84,16.800000,0.000000,68.261215,0.250000
0,85,17.000000,0.000000,69.611461,0.250000
0,86,17.200000,-0.000000,70.964369,0.250000
0,87,17.400000,0.000000,72.319995,0.250000
0,88,17.600000,0.000000,73.678399,0.250000
0,89,17.800000,0.000000,75.039642,0.250000
0,90,18.000000,0.000000,76.403786,0.250000
0,91,18.200000,-0.000000,77.770893,0.250000
0,92,18.400000,0.000000,79.141030,0.250000
0,93,18.600000,0.000000,80.514261,0.250000
0,94,18.800000,0.000000,81.890654,0.250000
0,95,19.000000,0.000000,83.270276,0.250000
0,96,19.200000,0.000000,84.653197,0.250000
0,97,19.400000,0.000000,86.039488,0.250000
0,98,19.600000,0.000000,87.429220,0.250000
0,99,19.800000,0.000000,88.822467,0.250000
0,100,20.000000,0.000000,90.219301,0.250000
0,101,20.200000,0.000000,91.619798,0.250000
0,102,20.400000,0.000000,93.024034,0.250000
0,103,20.600000,0.000000,94.432085,0.250000
0,104,20.800000,0.000000,95.844029,0.250000
0,105,21.000000,0.000000,97.370816,0.250000
0,106,21.200000,0.000000,99.084030,0.250000
0,107,21.400000,0.000000,100.799086,0.250000
0,108,21.600000,0.000000,102.515900,0.250000
0,109,21.800000,0.000000,104.234394,0.250000
0,110,22.000000,0.000000,105.954497,0.250000
0,111,22.200000,0.000000,107.676140,0.250000
0,112,22.400000,0.000000,109.399262,0.250000
0,113,22.600000,0.000000,111.123803,0.250000
0,114,22.800000,0.000000,112.849711,0.250000
0,115,23.000000,-0.000000,114.576935,0.250000
0,116,23.200000,-0.000000,116.305426,0.250000
0,117,23.400000,-0.000000,118.035142,0.250000
0,118,23.600000,-0.000000,119.766042,0.250000
0,119,23.800000,0.000000,121.498085,0.250000
0,120,24.000000,-0.000000,123.231237,0.250000
0,121,24.200000,-0.000000,124.965465,0.250000
0,122,24.400000,0.000000,126.700736,0.250000
0,123,24.600000,0.000000,128.437020,0.250000
0,124,24.800000,0.000000,130.174290,0.250000
0,125,25.000000,0.000000,131.912520,0.250000
0,126,25.200000,0.000000,133.651686,0.250000
0,127,25.400000,0.000000,135.391764,0.250000
0,128,25.600000,0.000000,137.132733,0.250000
0,129,25.800000,0.000000,138.874573,0.250000
0,130,26.000000,0.000000,140.617264,0.250000
0,131,26.200000,0.000000,142.360790,0.250000
0,132,26.400000,-0.000000,144.105132,0.250000
0,133,26.600000,0.000000,145.850276,0.250000
0,134,26.800000,0.000000,147.596207,0.250000
0,135,27.000000,0.000000,149.342909,0.250000
0,136,27.200000,0.000000,151.090372,0.250000
0,137,27.400000,0.000000,152.838581,0.250000
0,138,27.600000,-0.000000,154.587526,0.250000
0,139,27.800000,0.000000,156.337196,0.250000
0,140,28.000000,0.000000,158.087580,0.250000
0,141,28.200000,0.000000,159.838669,0.250000
0,142,28.400000,0.000000,161.590453,0.250000
0,143,28.600000,0.000000,163.342926,0.250000
0,144,28.800000,0.000000,165.096077,0.250000
0,145,29.000000,-0.000000,166.849901,0.250000
0,146,29.200000,0.000000,168.604390,0.250000
0,147,29.400000,0.000000,170.359538,0.250000
0,148,29.600000,0.000000,172.115338,0.250000
0,149,29.800000,0.000000,173.871786,0.250000
0,150,30.000000,0.000000,175.628875,0.250000
1,0,6.000000,-0.017288,0.000003,0.500000
1,1,6.200000,-0.017986,0.000000,0.500000
1,2,6.359261,-0.018483,0.000000,0.500000
1,3,6.521104,-0.018967,0.000000,0.500000
1,4,6.692427,-0.019379,0.000005,0.500000
1,5,6.863478,-0.019798,0.000004,0.500000
1,6,7.041993,-0.020149,0.000001,0.500000
1,7,7.220252,-0.020507,0.000001,0.500000
1,8,7.404176,-0.020804,0.000000,0.500000
1,9,7.589030,-0.021091,0.000000,0.500000
1,10,7.774912,-0.021368,0.000000,0.500000
1,11,7.964399,-0.021597,-0.000000,0.500000
1,12,8.153739,-0.021829,0.000001,0.500000
1,13,8.345718,-0.022022,0.000000,0.500000
1,14,8.537589,-0.022217,0.000000,0.500000
1,15,8.731394,-0.022379,0.000000,0.500000
1,16,8.925507,-0.022536,0.000001,0.500000
1,17,9.120301,-0.022680,0.000001,0.500000
1,18,9.315682,-0.022813,0.000000,0.500000
1,19,9.511323,-0.022941,0.000000,0.500000
1,20,9.707879,-0.023049,0.000000,0.500000
1,21,9.904587,-0.023153,0.000001,0.500000
1,22,10.101465,-0.023254,0.000001,0.500000
1,23,10.298946,-0.023339,0.000002,0.500000
1,24,10.496531,-0.023422,0.000000,0.500000
1,25,10.694338,-0.023500,0.000006,0.500000
1,26,10.892342,-0.023572,0.000000,0.500000
1,27,11.090520,-0.023639,0.000000,0.500000
1,28,11.288852,-0.023701,0.000000,0.500000
1,29,11.487322,-0.023760,0.000000,0.500000
1,30,11.685913,-0.023815,0.000000,0.500000
1,31,11.884560,-0.023868,0.000000,0.500000
1,32,12.083409,-0.023914,0.000000,0.500000
1,33,12.282295,-0.023960,-0.000000,0.500000
1,34,12.481260,-0.024002,0.000000,0.500000
1,35,12.680297,-0.024043,0.000000,0.500000
1,36,12.879399,-0.024081,0.000000,0.500000
1,37,13.078560,-0.024117,0.000000,0.500000
1,38,13.277748,-0.024152,0.000000,0.500000
1,39,13.477036,-0.024183,-0.000000,0.500000
1,40,13.676344,-0.024214,0.000000,0.500000
1,41,13.875693,-0.024243,0.000000,0.500000
1,42,14.075079,-0.024271,0.000005,0.500000
1,43,14.274500,-0.024297,0.000004,0.500000
1,44,14.473937,-0.024323,0.000003,0.500000
1,45,14.673434,-0.024347,0.000002,0.500000
1,46,14.872944,-0.024370,0.000002,0.500000
1,47,15.072478,-0.024392,0.000002,0.500000
1,48,15.272036,-0.024413,0.000001,0.500000
1,49,15.471616,-0.024433,0.000001,0.500000
1,50,15.671216,-0.024452,0.000001,0.500000
1,51,15.870835,-0.024471,0.000001,0.500000
1,52,16.070471,-0.024489,0.000001,0.500000
1,53,16.270124,-0.024506,0.000001,0.500000
1,54,16.469793,-0.024523,0.000000,0.500000
1,55,16.669476,-0.024539,0.000000,0.500000
1,56,16.869173,-0.024554,0.000000,0.500000
1,57,17.068882,-0.024569,0.000000,0.500000
1,58,17.268604,-0.024584,0.000000,0.500000
1,59,17.468337,-0.024598,0.000000,0.500000
1,60,17.668081,-0.024611,0.000000,0.500000
1,61,17.867835,-0.024624,0.000000,0.500000
1,62,18.067598,-0.024637,0.000000,0.500000
1,63,18.267371,-0.024649,0.000000,0.500000
1,64,18.467152,-0.024661,0.000000,0.500000
1,65,18.666942,-0.024672,0.000000,0.500000
1,66,18.866739,-0.024683,0.000000,0.500000
1,67,19.066543,-0.024694,0.000000,0.500000
1,68,19.266355,-0.024705,0.000000,0.500000
1,69,19.466173,-0.024715,-0.000000,0.500000
1,70,19.665998,-0.024725,-0.000000,0.500000
1,71,19.865828,-0.024734,-0.000000,0.500000
1,72,20.065664,-0.024744,-0.000000,0.500000
1,73,20.265506,-0.024753,-0.000000,0.500000
1,74,20.465353,-0.024762,-0.000000,0.500000
1,75,20.665205,-0.024771,-0.000000,0.500000
1,76,20.865062,-0.024779,-0.000000,0.500000
1,77,21.064924,-0.024787,-0.000000,0.500000
1,78,21.264790,-0.024795,-0.000000,0.500000
1,79,21.464660,-0.024803,-0.000000,0.500000
1,80,21.664534,-0.024811,-0.000000,0.500000
1,81,21.864412,-0.024818,-0.000000,0.500000
1,82,22.064293,-0.024826,-0.000000,0.500000
1,83,22.264178,-0.024833,0.000000,0.500000
1,84,22.464067,-0.024840,-0.000000,0.500000
1,85,22.663959,-0.024847,-0.000000,0.500000
1,86,22.863854,-0.024853,0.000000,0.500000
1,87,23.063752,-0.024860,0.000000,0.500000
1,88,23.263653,-0.024866,0.000000,0.500000
1,89,23.463556,-0.024873,0.000000,0.500000
1,90,23.663463,-0.024879,-0.000000,0.500000
1,91,23.863372,-0.024885,-0.000000,0.500000
1,92,24.063283,-0.024891,0.000000,0.500000
1,93,24.263197,-0.024896,0.000000,0.500000
1,94,24.463113,-0.024902,0.000000,0.500000
1,95,24.663032,-0.024908,0.000000,0.500000
1,96,24.862952,-0.024913,0.000000,0.500000
1,97,25.062875,-0.024918,-0.000000,0.500000
1,98,25.262799,-0.024924,0.000000,0.500000
1,99,25.462726,-0.024929,-0.000000,0.500000
1,100,25.662654,-0.024934,-0.000000,0.500000
1,101,25.862585,-0.024939,0.000000,0.500000
1,102,26.062517,-0.024943,0.000000,0.500000
1,103,26.262450,-0.024948,-0.000000,0.500000
1,104,26.462386,-0.024953,-0.000000,0.500000
1,105,26.662323,-0.024957,-0.000000,0.500000
1,106,26.862261,-0.024962,0.000000,0.500000
1,107,27.062201,-0.024966,0.000000,0.500000
1,108,27.262142,-0.024970,-0.000000,0.500000
1,109,27.462085,-0.024974,0.000000,0.500000
1,110,27.662029,-0.024979,0.000000,0.500000
1,111,27.861974,-0.024983,-0.000001,0.500000
1,112,28.061921,-0.024987,-0.000000,0.500000
1,113,28.261869,-0.024990,0.000000,0.500000
1,114,28.461818,-0.024994,-0.000000,0.500000
1,115,28.661768,-0.024998,-0.000000,0.500000
1,116,28.861719,-0.025001,0.000000,0.500000
1,117,29.061672,-0.025005,0.000000,0.500000
1,118,29.261625,-0.025008,-0.000000,0.500000
1,119,29.461579,-0.025012,-0.000000,0.500000
1,120,29.661535,-0.025015,0.000000,0.500000
1,121,29.861491,-0.025018,0.000000,0.500000
1,122,30.061448,-0.025021,-0.000000,0.500000
2,0,6.000000,-0.017288,0.000003,0.500000
2,1,5.800000,-0.016495,0.000002,0.500000
2,2,5.660191,-0.015909,0.000001,0.500000
2,3,5.534052,-0.015263,0.000000,0.500000
2,4,5.407974,-0.014632,0.000000,0.500000
2,5,5.295981,-0.013953,0.000000,0.500000
2,6,5.183919,-0.013292,0.000000,0.500000
2,7,5.085588,-0.012595,0.000000,0.500000
2,8,4.990310,-0.011908,0.000000,0.500000
2,9,4.901343,-0.011219,0.000000,0.500000
2,10,4.818391,-0.010534,-0.000000,0.250000
2,11,4.738358,-0.009863,0.000000,0.250000
2,12,4.669310,-0.009185,0.000000,0.250000
2,13,4.600033,-0.008532,-0.000000,0.250000
2,14,4.540484,-0.007881,-0.000000,0.250000
2,15,4.480726,-0.007256,0.000002,0.250000
2,16,4.429543,-0.006641,0.000001,0.250000
2,17,4.380100,-0.006049,0.000000,0.250000
2,18,4.334363,-0.005479,0.000000,0.250000
2,19,4.292113,-0.004931,0.000000,0.250000
2,20,4.253152,-0.004407,0.000000,0.250000
2,21,4.217300,-0.003908,0.000000,0.250000
2,22,4.184392,-0.003436,0.000000,0.250000
2,23,4.154280,-0.002990,0.000001,0.250000
2,24,4.126832,-0.002573,0.000000,0.250000
2,25,4.101927,-0.002185,-0.000000,0.250000
2,26,4.079459,-0.001826,-0.000000,0.250000
2,27,4.059333,-0.001498,-0.000000,0.250000
2,28,4.041465,-0.001200,-0.000000,0.250000
2,29,4.025782,-0.000935,-0.000000,0.250000
2,30,4.012220,-0.000701,0.000000,0.250000
2,31,4.000726,-0.000500,-0.000000,0.250000
2,32,3.991254,-0.000333,-0.000000,0.250000
2,33,3.983766,-0.000199,0.000000,0.250000
2,34,3.978233,-0.000099,-0.000000,0.250000
2,35,3.974635,-0.000033,0.000000,0.250000
2,36,3.972957,-0.000002,0.000000,0.250000
2,37,3.973192,0.000007,-0.000000,0.250000
2,38,3.975342,0.000047,0.000000,0.250000
2,39,3.979415,0.000122,0.000000,0.250000
2,40,3.985426,0.000233,-0.000000,0.250000
2,41,3.993399,0.000380,0.000000,0.250000
2,42,4.003365,0.000563,-0.000000,0.250000
2,43,4.015364,0.000783,-0.000000,0.250000
2,44,4.029442,0.001038,0.000000,0.250000
2,45,4.045656,0.001330,-0.000000,0.250000
2,46,4.064073,0.001659,0.000000,0.250000
2,47,4.084767,0.002023,0.000000,0.250000
2,48,4.107826,0.002424,-0.000000,0.250000
2,49,4.133346,0.002860,-0.000000,0.250000
2,50,4.161438,0.003332,-0.000000,0.250000
2,51,4.192225,0.003839,0.000000,0.250000
2,52,4.225843,0.004380,-0.000000,0.250000
2,53,4.262444,0.004956,-0.000000,0.250000
2,54,4.302197,0.005565,-0.000000,0.250000
2,55,4.345286,0.006207,-0.000000,0.250000
2,56,4.391914,0.006881,-0.000000,0.250000
2,57,4.442304,0.007585,-0.000000,0.250000
2,58,4.496696,0.008318,-0.000000,0.250000
2,59,4.555349,0.009079,-0.000000,0.250000
2,60,4.618543,0.009865,0.000000,0.250000
2,61,4.686572,0.010675,-0.000001,0.250000
2,62,4.757109,0.011511,-0.000000,0.250000
2,63,4.838333,0.012354,-0.000000,0.250000
2,64,4.919781,0.013225,-0.000000,0.500000
2,65,5.013173,0.014091,-0.000000,0.500000
2,66,5.110047,0.014972,0.000000,0.500000
2,67,5.213557,0.015855,0.000000,0.500000
2,68,5.323908,0.016735,-0.000000,0.500000
2,69,5.437690,0.017624,-0.000000,0.500000
2,70,5.565450,0.018464,0.000002,0.500000
2,71,5.696787,0.019303,0.000000,0.500000
2,72,5.831518,0.020140,-0.000000,0.500000
2,73,5.979525,0.020903,-0.000000,0.500000
2,74,6.127399,0.021681,0.000000,0.500000
2,75,6.287120,0.022374,-0.000000,0.500000
2,76,6.446614,0.023079,-0.000000,0.500000
2,77,6.616047,0.023693,-0.000001,0.500000
2,78,6.785209,0.024318,-0.000000,0.500000
2,79,6.962276,0.024853,0.000000,0.500000
2,80,7.139081,0.025398,-0.000000,0.500000
2,81,7.321927,0.025859,0.000000,0.500000
2,82,7.505773,0.026308,0.000000,0.500000
2,83,7.691773,0.026723,0.000000,0.500000
2,84,7.878718,0.027124,-0.000000,0.500000
2,85,8.068971,0.027462,-0.000000,0.500000
2,86,8.259089,0.027804,-0.000000,0.500000
2,87,8.451629,0.028091,-0.000000,0.500000
2,88,8.644070,0.028383,-0.000004,0.500000
2,89,8.838287,0.028628,-0.000001,0.500000
2,90,9.032433,0.028877,-0.000000,0.500000
2,91,9.227889,0.029087,-0.000001,0.500000
2,92,9.423295,0.029300,-0.000001,0.500000
2,93,9.619677,0.029480,-0.000000,0.500000
2,94,9.816022,0.029663,-0.000000,0.500000
2,95,10.013103,0.029819,-0.000005,0.500000
2,96,10.210157,0.029976,0.000000,0.500000
2,97,10.407772,0.030111,0.000000,0.500000
2,98,10.605483,0.030242,-0.000000,0.500000
2,99,10.803402,0.030364,0.000000,0.500000
2,100,11.001504,0.030478,0.000000,0.500000
2,101,11.199769,0.030585,-0.000002,0.500000
2,102,11.398108,0.030688,-0.000001,0.500000
2,103,11.596713,0.030778,-0.000000,0.500000
2,104,11.795309,0.030869,0.000000,0.500000
2,105,11.994118,0.030948,-0.000000,0.500000
2,106,12.192966,0.031025,-0.000000,0.500000
2,107,12.391856,0.031100,-0.000000,0.500000
2,108,12.590901,0.031166,0.000000,0.500000
2,109,12.789974,0.031231,0.000000,0.500000
2,110,12.989109,0.031292,-0.000000,0.500000
2,111,13.188300,0.031349,0.000000,0.500000
2,112,13.387542,0.031404,-0.000000,0.500000
2,113,13.586830,0.031455,0.000000,0.500000
2,114,13.786161,0.031504,0.000000,0.500000
2,115,13.985531,0.031550,0.000000,0.500000
2,116,14.184937,0.031594,-0.000000,0.500000
2,117,14.384375,0.031636,0.000001,0.500000
2,118,14.583845,0.031676,0.000003,0.500000
2,119,14.783342,0.031713,0.000003,0.500000
2,120,14.982865,0.031750,0.000001,0.500000
2,121,15.182413,0.031784,0.000002,0.500000
2,122,15.381983,0.031817,0.000001,0.500000
2,123,15.581574,0.031848,0.000000,0.500000
2,124,15.781185,0.031878,0.000001,0.500000
2,125,15.980813,0.031907,0.000001,0.500000
2,126,16.180459,0.031935,0.000000,0.500000
2,127,16.380121,0.031961,0.000000,0.500000
2,128,16.579798,0.031987,0.000000,0.500000
2,129,16.779488,0.032011,0.000000,0.500000
2,130,16.979192,0.032034,0.000000,0.500000
2,131,17.178909,0.032057,0.000001,0.500000
2,132,17.378637,0.032079,0.000000,0.500000
2,133,17.578376,0.032100,0.000000,0.500000
2,134,17.778125,0.032120,0.000000,0.500000
2,135,17.977884,0.032139,0.000000,0.500000
2,136,18.177653,0.032158,0.000001,0.500000
2,137,18.377431,0.032176,0.000000,0.500000
2,138,18.577216,0.032194,0.000001,0.500000
2,139,18.777010,0.032211,0.000003,0.500000
2,140,18.976811,0.032227,0.000002,0.500000
2,141,19.176620,0.032243,0.000003,0.500000
2,142,19.376435,0.032259,-0.000000,0.500000
2,143,19.576257,0.032273,-0.000000,0.500000
2,144,19.776085,0.032288,0.000002,0.500000
2,145,19.975918,0.032302,-0.000000,0.500000
2,146,20.175758,0.032316,-0.000000,0.500000
2,147,20.375603,0.032329,-0.000000,0.500000
2,148,20.575452,0.032342,0.000000,0.500000
2,149,20.775307,0.032354,0.000000,0.500000
2,150,20.975167,0.032367,0.000004,0.500000
2,151,21.175030,0.032378,-0.000000,0.500000
2,152,21.374899,0.032390,-0.000000,0.500000
2,153,21.574771,0.032401,0.000000,0.500000
2,154,21.774647,0.032412,-0.000000,0.500000
2,155,21.974527,0.032423,0.000000,0.500000
2,156,22.174411,0.032433,0.000000,0.500000
2,157,22.374298,0.032444,0.000001,0.500000
2,158,22.574188,0.032453,0.000000,0.500000
2,159,22.774082,0.032463,0.000000,0.500000
2,160,22.973978,0.032473,0.000000,0.500000
2,161,23.173878,0.032482,-0.000000,0.500000
2,162,23.373780,0.032491,0.000000,0.500000
2,163,23.573686,0.032500,-0.000000,0.500000
2,164,23.773593,0.032508,0.000000,0.500000
2,165,23.973504,0.032517,-0.000000,0.500000
2,166,24.173416,0.032525,0.000000,0.500000
2,167,24.373332,0.032533,-0.000000,0.500000
2,168,24.573249,0.032541,-0.000000,0.500000
2,169,24.773169,0.032549,-0.000000,0.500000
2,170,24.973090,0.032556,-0.000001,0.500000
2,171,25.173014,0.032564,-0.000000,0.500000
2,172,25.372940,0.032571,0.000000,0.500000
2,173,25.572867,0.032578,0.000000,0.500000
2,174,25.772797,0.032585,0.000000,0.500000
2,175,25.972728,0.032592,-0.000000,0.500000
2,176,26.172661,0.032599,-0.000000,0.500000
2,177,26.372596,0.032605,0.000000,0.500000
2,178,26.572532,0.032612,0.000000,0.500000
2,179,26.772470,0.032618,-0.000000,0.500000
2,180,26.972409,0.032624,-0.000000,0.500000
2,181,27.172350,0.032630,0.000000,0.500000
2,182,27.372292,0.032636,-0.000000,0.500000
2,183,27.572235,0.032642,-0.000000,0.500000
2,184,27.772180,0.032648,-0.000000,0.500000
2,185,27.972126,0.032653,-0.000000,0.500000
2,186,28.172073,0.032659,0.000000,0.500000
2,187,28.372022,0.032664,0.000000,0.500000
2,188,28.571971,0.032670,0.000000,0.500000
2,189,28.771922,0.032675,-0.000000,0.500000
2,190,28.971874,0.032680,0.000000,0.500000
2,191,29.171827,0.032685,0.000000,0.500000
2,192,29.371781,0.032690,-0.000000,0.500000
2,193,29.571736,0.032694,0.000000,0.500000
2,194,29.771692,0.032699,0.000000,0.500000
2,195,29.971648,0.032703,-0.000000,0.500000
2,196,30.171606,0.032708,-0.000000,0.500000
3,0,12.000000,0.011380,0.629908,1.250000
3,1,12.200000,0.011526,0.579274,1.250000
3,2,12.391732,0.011660,0.534597,1.250000
3,3,12.584142,0.011787,0.493260,1.250000
3,4,12.777166,0.011909,0.455033,1.250000
3,5,12.970747,0.012025,0.419699,1.250000
3,6,13.164833,0.012137,0.387051,1.250000
3,7,13.359377,0.012243,0.356897,1.250000
3,8,13.554339,0.012344,0.329053,1.250000
3,9,13.749679,0.012442,0.303350,1.250000
3,10,13.945364,0.012535,0.279629,1.250000
3,11,14.141364,0.012624,0.257742,1.250000
3,12,14.337650,0.012709,0.237548,1.250000
3,13,14.534199,0.012790,0.218923,1.250000
3,14,14.730986,0.012868,0.201744,1.250000
3,15,14.927993,0.012943,0.185903,1.250000
3,16,15.125201,0.013015,0.171296,1.250000
3,17,15.322593,0.013083,0.157829,1.250000
3,18,15.520153,0.013149,0.145413,1.250000
3,19,15.717869,0.013213,0.133968,1.250000
3,20,15.915727,0.013273,0.123418,1.250000
3,21,16.113718,0.013332,0.113693,1.250000
3,22,16.311829,0.013388,0.104731,1.250000
3,23,16.510053,0.013441,0.096471,1.250000
3,24,16.708380,0.013493,0.088859,1.250000
3,25,16.906802,0.013543,0.081844,1.250000
3,26,17.105314,0.013591,0.075380,1.250000
3,27,17.303907,0.013637,0.069424,1.250000
3,28,17.502577,0.013681,0.063936,1.250000
3,29,17.701318,0.013724,0.058880,1.250000
3,30,17.900125,0.013765,0.054221,1.250000
3,31,18.098992,0.013805,0.049929,1.250000
3,32,18.297918,0.013843,0.045975,1.250000
3,33,18.496896,0.013880,0.042333,1.250000
3,34,18.695924,0.013916,0.038977,1.250000
3,35,18.894999,0.013950,0.035885,1.250000
3,36,19.094117,0.013983,0.033037,1.250000
3,37,19.293277,0.014015,0.030415,1.250000
3,38,19.492474,0.014046,0.027999,1.250000
3,39,19.691707,0.014076,0.025775,1.250000
3,40,19.890974,0.014105,0.023725,1.250000
3,41,20.090273,0.014133,0.021838,1.250000
3,42,20.289601,0.014160,0.020100,1.250000
3,43,20.488958,0.014186,0.018500,1.250000
3,44,20.688341,0.014212,0.017026,1.250000
3,45,20.887749,0.014236,0.015669,1.250000
3,46,21.087181,0.014260,0.014420,1.250000
3,47,21.286634,0.014283,0.013269,1.250000
3,48,21.486109,0.014306,0.012210,1.250000
3,49,21.685604,0.014327,0.011235,1.250000
3,50,21.885118,0.014348,0.010337,1.250000
3,51,22.084650,0.014369,0.009510,1.250000
3,52,22.284198,0.014389,0.008750,1.250000
3,53,22.483763,0.014408,0.008049,1.250000
3,54,22.683343,0.014427,0.007405,1.250000
3,55,22.882938,0.014445,0.006812,1.250000
3,56,23.082547,0.014463,0.006266,1.250000
3,57,23.282168,0.014480,0.005763,1.250000
3,58,23.481803,0.014497,0.005301,1.250000
3,59,23.681449,0.014513,0.004875,1.250000
3,60,23.881107,0.014529,0.004483,1.250000
3,61,24.080776,0.014544,0.004123,1.250000
3,62,24.280456,0.014559,0.003792,1.250000
3,63,24.480145,0.014574,0.003486,1.250000
3,64,24.679844,0.014588,0.003206,1.250000
3,65,24.879552,0.014602,0.002947,1.250000
3,66,25.079269,0.014615,0.002710,1.250000
3,67,25.278994,0.014629,0.002492,1.250000
3,68,25.478727,0.014641,0.002291,1.250000
3,69,25.678468,0.014654,0.002106,1.250000
3,70,25.878217,0.014666,0.001936,1.250000
3,71,26.077973,0.014678,0.001779,1.250000
3,72,26.277735,0.014690,0.001635,1.250000
3,73,26.477504,0.014701,0.001503,1.250000
3,74,26.677279,0.014712,0.001381,1.250000
3,75,26.877061,0.014723,0.001269,1.250000
3,76,27.076850,0.014734,0.001166,1.250000
3,77,27.276643,0.014744,0.001071,1.250000
3,78,27.476442,0.014754,0.000984,1.250000
3,79,27.676246,0.014764,0.000904,1.250000
3,80,27.876055,0.014774,0.000830,1.250000
3,81,28.075868,0.014784,0.000762,1.250000
3,82,28.275694,0.014793,0.000700,1.250000
3,83,28.475518,0.014802,0.000642,1.250000
3,84,28.675346,0.014811,0.000589,1.250000
3,85,28.875180,0.014820,0.000539,1.250000
3,86,29.075016,0.014828,0.000494,1.250000
3,87,29.274861,0.014836,0.000452,1.250000
3,88,29.474704,0.014845,0.000413,1.250000
3,89,29.674554,0.014853,0.000377,1.250000
3,90,29.874405,0.014861,0.000343,1.250000
3,91,30.074265,0.014868,0.000312,1.250000
4,0,12.000000,0.011380,0.629908,1.250000
4,1,11.800000,0.011226,0.685020,1.250000
4,2,11.610852,0.011072,0.741623,1.250000
4,3,11.422723,0.010911,0.802613,1.250000
4,4,11.235721,0.010742,0.868260,1.250000
4,5,11.049962,0.010566,0.938839,1.250000
4,6,10.865576,0.010382,1.014617,1.250000
4,7,10.682704,0.010190,1.095855,1.250000
4,8,10.501499,0.009989,1.182799,1.250000
4,9,10.322129,0.009779,1.275671,1.250000
4,10,10.144773,0.009560,1.374663,1.250000
4,11,9.969623,0.009333,1.479927,1.250000
4,12,9.796883,0.009096,1.591565,1.250000
4,13,9.626768,0.008851,1.709616,1.250000
4,14,9.459501,0.008597,1.834050,1.250000
4,15,9.295314,0.008334,1.964754,1.250000
4,16,9.134440,0.008062,2.101527,1.250000
4,17,8.977113,0.007783,2.244070,1.250000
4,18,8.823566,0.007496,2.391987,1.250000
4,19,8.674021,0.007203,2.544779,1.250000
4,20,8.528689,0.006903,2.701854,1.250000
4,21,8.387766,0.006598,2.862530,1.250000
4,22,8.251425,0.006289,3.026053,1.250000
4,23,8.117456,0.005983,3.176464,1.250000
4,24,7.993143,0.005663,3.358233,0.250000
4,25,7.871347,0.005347,3.525254,0.250000
4,26,7.754574,0.005032,3.691693,0.250000
4,27,7.642863,0.004718,3.856690,0.250000
4,28,7.536227,0.004407,4.019423,0.250000
4,29,7.432146,0.004102,4.165788,0.250000
4,30,7.338153,0.003796,4.335000,0.250000
4,31,7.246569,0.003499,4.486586,0.250000
4,32,7.159881,0.003209,4.633240,0.250000
4,33,7.078000,0.002928,4.774489,0.250000
4,34,7.000829,0.002655,4.909930,0.250000
4,35,6.928262,0.002392,5.039238,0.250000
4,36,6.860189,0.002139,5.162157,0.250000
4,37,6.796497,0.001898,5.278496,0.250000
4,38,6.737073,0.001669,5.388118,0.250000
4,39,6.681806,0.001453,5.490934,0.250000
4,40,6.630588,0.001250,5.586899,0.250000
4,41,6.583315,0.001061,5.676000,0.250000
4,42,6.539891,0.000886,5.758255,0.250000
4,43,6.498363,0.000727,5.826770,0.250000
4,44,6.464239,0.000581,5.902342,0.250000
4,45,6.431845,0.000452,5.964310,0.250000
4,46,6.402984,0.000338,6.019638,0.250000
4,47,6.377599,0.000241,6.068395,0.250000
4,48,6.355644,0.000159,6.110643,0.250000
4,49,6.337079,0.000095,6.146441,0.250000
4,50,6.321879,0.000046,6.175840,0.250000
4,51,6.310025,0.000015,6.198882,0.250000
4,52,6.301514,0.000001,6.215584,0.250000
4,53,6.296349,-0.000004,6.225974,0.250000
4,54,6.294550,-0.000024,6.230044,0.250000
4,55,6.296145,-0.000061,6.227778,0.250000
4,56,6.301176,-0.000116,6.219154,0.250000
4,57,6.309700,-0.000188,6.204089,0.250000
4,58,6.321786,-0.000278,6.182539,0.250000
4,59,6.337518,-0.000384,6.154415,0.250000
4,60,6.356994,-0.000508,6.119611,0.250000
4,61,6.380329,-0.000650,6.078010,0.250000
4,62,6.407654,-0.000808,6.029479,0.250000
4,63,6.439117,-0.000983,5.973873,0.250000
4,64,6.472698,-0.001175,5.905294,0.250000
4,65,6.515115,-0.001382,5.840864,0.250000
4,66,6.557662,-0.001606,5.756546,0.250000
4,67,6.609846,-0.001845,5.677762,0.250000
4,68,6.662183,-0.002099,5.576851,0.250000
4,69,6.725073,-0.002366,5.483552,0.250000
4,70,6.788134,-0.002649,5.365339,0.250000
4,71,6.862738,-0.002941,5.257743,0.250000
4,72,6.937522,-0.003248,5.121900,0.250000
4,73,7.024824,-0.003561,5.000842,0.250000
4,74,7.115632,-0.003885,4.861245,0.250000
4,75,7.213186,-0.004215,4.714793,0.250000
4,76,7.317620,-0.004551,4.562075,0.250000
4,77,7.429012,-0.004890,4.403830,0.250000
4,78,7.543850,-0.005236,4.221672,0.250000
4,79,7.672471,-0.005569,4.074618,1.000000
4,80,7.804444,-0.005905,3.905615,1.000000
4,81,7.942918,-0.006236,3.735302,1.000000
4,82,8.087584,-0.006561,3.564893,1.000000
4,83,8.235175,-0.006885,3.369913,1.000000
4,84,8.393791,-0.007182,3.228655,1.000000
4,85,8.552179,-0.007485,3.037868,1.000000
4,86,8.719810,-0.007759,2.905157,1.000000
4,87,8.887193,-0.008038,2.723035,1.000000
4,88,9.062024,-0.008287,2.600802,1.000000
4,89,9.236622,-0.008540,2.430506,1.000000
4,90,9.417046,-0.008763,2.319594,1.000000
4,91,9.597270,-0.008990,2.162924,1.000000
4,92,9.781970,-0.009189,2.063355,1.000000
4,93,9.966508,-0.009391,1.920963,1.000000
4,94,10.154450,-0.009568,1.832227,1.000000
4,95,10.342267,-0.009748,1.703940,1.000000
4,96,10.532667,-0.009905,1.625236,1.000000
4,97,10.722972,-0.010064,1.510358,1.000000
4,98,10.915242,-0.010203,1.440758,1.000000
4,99,11.107441,-0.010344,1.338308,1.000000
4,100,11.301143,-0.010468,1.276863,1.000000
4,101,11.494793,-0.010593,1.185739,1.000000
4,102,11.689603,-0.010703,1.131536,1.000000
4,103,11.884373,-0.010814,1.050619,1.000000
4,104,12.079614,-0.010919,0.974444,1.000000
4,105,12.275857,-0.011008,0.944106,1.000000
4,106,12.471867,-0.011101,0.876506,1.000000
4,107,12.668511,-0.011184,0.836894,1.000000
4,108,12.865135,-0.011267,0.776958,1.000000
4,109,13.062023,-0.011346,0.720583,1.000000
4,110,13.259480,-0.011414,0.698702,1.000000
4,111,13.456807,-0.011485,0.648667,1.000000
4,112,13.654503,-0.011549,0.619630,1.000000
4,113,13.852270,-0.011611,0.583550,1.000000
4,114,14.050112,-0.011671,0.541767,1.000000
4,115,14.248230,-0.011726,0.517620,1.000000
4,116,14.446341,-0.011781,0.480557,1.000000
4,117,14.644682,-0.011830,0.459187,1.000000
4,118,14.843018,-0.011880,0.426303,1.000000
4,119,15.041547,-0.011925,0.407379,1.000000
4,120,15.240071,-0.011970,0.378197,1.000000
4,121,15.438758,-0.012011,0.361430,1.000000
4,122,15.637443,-0.012052,0.335528,1.000000
4,123,15.836266,-0.012089,0.320666,1.000000
4,124,16.035118,-0.012126,0.302039,1.000000
4,125,16.233999,-0.012162,0.280372,1.000000
4,126,16.432992,-0.012195,0.267959,1.000000
4,127,16.632008,-0.012228,0.252384,1.000000
4,128,16.831071,-0.012259,0.237709,1.000000
4,129,17.030178,-0.012288,0.223881,1.000000
4,130,17.229326,-0.012317,0.210853,1.000000
4,131,17.428513,-0.012345,0.198577,1.000000
4,132,17.627737,-0.012371,0.187009,1.000000
4,133,17.826994,-0.012397,0.176109,1.000000
4,134,18.026284,-0.012421,0.165839,1.000000
4,135,18.225604,-0.012445,0.156161,1.000000
4,136,18.424952,-0.012468,0.147041,1.000000
4,137,18.624326,-0.012490,0.138449,1.000000
4,138,18.823714,-0.012511,0.128440,1.000000
4,139,19.023150,-0.012531,0.122723,1.000000
4,140,19.222596,-0.012551,0.115535,1.000000
4,141,19.422053,-0.012570,0.107164,1.000000
4,142,19.621552,-0.012589,0.102382,1.000000
4,143,19.821049,-0.012607,0.094951,1.000000
4,144,20.020584,-0.012624,0.090707,1.000000
4,145,20.220118,-0.012641,0.084113,1.000000
4,146,20.419686,-0.012657,0.080345,1.000000
4,147,20.619253,-0.012673,0.074494,1.000000
4,148,20.818850,-0.012688,0.071151,1.000000
4,149,21.018447,-0.012703,0.065961,1.000000
4,150,21.218071,-0.012717,0.062994,1.000000
4,151,21.417701,-0.012731,0.059268,1.000000
4,152,21.617344,-0.012745,0.055759,1.000000
4,153,21.816998,-0.012758,0.052454,1.000000
4,154,22.016663,-0.012771,0.049342,1.000000
4,155,22.216334,-0.012784,0.045723,1.000000
4,156,22.416026,-0.012796,0.043653,1.000000
4,157,22.615718,-0.012808,0.040446,1.000000
4,158,22.815428,-0.012819,0.038610,1.000000
4,159,23.015143,-0.012830,0.036308,1.000000
4,160,23.214862,-0.012841,0.033632,1.000000
4,161,23.414598,-0.012852,0.032100,1.000000
4,162,23.614338,-0.012862,0.030179,1.000000
4,163,23.814085,-0.012872,0.028372,1.000000
4,164,24.013840,-0.012882,0.026670,1.000000
4,165,24.213602,-0.012892,0.025068,1.000000
4,166,24.413370,-0.012901,0.023561,1.000000
4,167,24.613146,-0.012911,0.022142,1.000000
4,168,24.812927,-0.012920,0.020806,1.000000
4,169,25.012714,-0.012928,0.019549,1.000000
4,170,25.212508,-0.012937,0.018365,1.000000
4,171,25.412306,-0.012945,0.017251,1.000000
4,172,25.612111,-0.012954,0.016201,1.000000
4,173,25.811920,-0.012962,0.015213,1.000000
4,174,26.011735,-0.012970,0.014282,1.000000
4,175,26.211554,-0.012977,0.013405,1.000000
4,176,26.411378,-0.012985,0.012578,1.000000
4,177,26.611206,-0.012992,0.011799,1.000000
4,178,26.811039,-0.012999,0.011063,1.000000
4,179,27.010876,-0.013007,0.010369,1.000000
4,180,27.210718,-0.013013,0.009713,1.000000
4,181,27.410561,-0.013020,0.008953,1.000000
4,182,27.610411,-0.013027,0.008505,1.000000
4,183,27.810264,-0.013034,0.007948,1.000000
4,184,28.010120,-0.013040,0.007419,1.000000
4,185,28.209980,-0.013046,0.006917,1.000000
4,186,28.409843,-0.013052,0.006438,1.000000
4,187,28.609709,-0.013058,0.005981,1.000000
4,188,28.809578,-0.013064,0.005543,1.000000
4,189,29.009450,-0.013070,0.005122,1.000000
4,190,29.209325,-0.013076,0.004717,1.000000
4,191,29.409203,-0.013082,0.004326,1.000000
4,192,29.609084,-0.013087,0.003946,1.000000
4,193,29.808968,-0.013093,0.003575,1.000000
4,194,30.008854,-0.013098,0.003212,1.000000
5,0,12.000000,-0.001506,24.438856,0.250000
5,1,12.200000,-0.001747,23.486564,0.250000
5,2,12.319040,-0.001890,22.894987,0.250000
5,3,12.448931,-0.002029,22.354398,0.250000
5,4,12.581328,-0.002171,21.776838,0.250000
5,5,12.718711,-0.002313,21.195805,0.250000
5,6,12.858483,-0.002456,20.581525,0.250000
5,7,13.007401,-0.002594,20.035606,0.250000
5,8,13.158293,-0.002732,19.461688,0.250000
5,9,13.313170,-0.002868,18.895368,0.250000
5,10,13.469925,-0.003005,18.305482,0.250000
5,11,13.633738,-0.003133,17.794050,0.250000
5,12,13.797407,-0.003264,17.229297,0.250000
5,13,13.967111,-0.003387,16.744334,1.500000
5,14,14.138015,-0.003508,16.241253,1.500000
5,15,14.311401,-0.003627,15.753457,1.500000
5,16,14.485939,-0.003744,15.250677,1.500000
5,17,14.664730,-0.003853,14.824329,1.500000
5,18,14.844343,-0.003961,14.382592,1.500000
5,19,15.024828,-0.004067,13.927443,1.500000
5,20,15.208522,-0.004165,13.543296,1.500000
5,21,15.392133,-0.004265,13.117952,1.500000
5,22,15.578393,-0.004357,12.759580,1.500000
5,23,15.765158,-0.004447,12.387227,1.500000
5,24,15.952463,-0.004536,12.002596,1.500000
5,25,16.141754,-0.004618,11.679003,1.500000
5,26,16.330992,-0.004702,11.318826,1.500000
5,27,16.521869,-0.004778,11.015998,1.500000
5,28,16.712704,-0.004855,10.678297,1.500000
5,29,16.904897,-0.004926,10.394528,1.500000
5,30,17.097351,-0.004996,10.098310,1.500000
5,31,17.290354,-0.005063,9.811287,1.500000
5,32,17.483857,-0.005128,9.533087,1.500000
5,33,17.677593,-0.005192,9.244236,1.500000
5,34,17.872189,-0.005251,9.001875,1.500000
5,35,18.066953,-0.005309,8.748241,1.500000
5,36,18.262068,-0.005365,8.502210,1.500000
5,37,18.457506,-0.005419,8.263519,1.500000
5,38,18.653239,-0.005471,8.031910,1.500000
5,39,18.849246,-0.005521,7.807144,1.500000
5,40,19.045503,-0.005570,7.588993,1.500000
5,41,19.241991,-0.005617,7.377234,1.500000
5,42,19.438692,-0.005662,7.171658,1.500000
5,43,19.635590,-0.005705,6.972063,1.500000
5,44,19.832671,-0.005748,6.778257,1.500000
5,45,20.029920,-0.005788,6.590052,1.500000
5,46,20.227248,-0.005829,6.393643,1.500000
5,47,20.424873,-0.005866,6.229748,1.500000
5,48,20.622558,-0.005903,6.057309,1.500000
5,49,20.820368,-0.005938,5.889799,1.500000
5,50,21.018294,-0.005973,5.727069,1.500000
5,51,21.216329,-0.006006,5.568959,1.500000
5,52,21.414465,-0.006038,5.415340,1.500000
5,53,21.612695,-0.006070,5.266069,1.500000
5,54,21.811014,-0.006100,5.121011,1.500000
5,55,22.009415,-0.006129,4.980047,1.500000
5,56,22.207893,-0.006158,4.843051,1.500000
5,57,22.406443,-0.006185,4.709893,1.500000
5,58,22.605061,-0.006212,4.580473,1.500000
5,59,22.803742,-0.006238,4.454663,1.500000
5,60,23.002484,-0.006263,4.332370,1.500000
5,61,23.201281,-0.006287,4.213483,1.500000
5,62,23.400132,-0.006311,4.097903,1.500000
5,63,23.599007,-0.006334,3.976643,1.500000
5,64,23.797978,-0.006356,3.876277,1.500000
5,65,23.996969,-0.006378,3.770047,1.500000
5,66,24.196002,-0.006399,3.666750,1.500000
5,67,24.395074,-0.006420,3.566304,1.500000
5,68,24.594184,-0.006440,3.468634,1.500000
5,69,24.793329,-0.006459,3.373641,1.500000
5,70,24.992491,-0.006478,3.273824,1.500000
5,71,25.191717,-0.006496,3.191424,1.500000
5,72,25.390942,-0.006514,3.096964,1.500000
5,73,25.590224,-0.006531,3.019064,1.500000
5,74,25.789520,-0.006548,2.936406,1.500000
5,75,25.988840,-0.006565,2.856008,1.500000
5,76,26.188186,-0.006581,2.777805,1.500000
5,77,26.387554,-0.006596,2.701736,1.500000
5,78,26.586945,-0.006612,2.627748,1.500000
5,79,26.786356,-0.006626,2.555762,1.500000
5,80,26.985788,-0.006641,2.485742,1.500000
5,81,27.185229,-0.006655,2.411990,1.500000
5,82,27.384707,-0.006669,2.351362,1.500000
5,83,27.584185,-0.006682,2.281546,1.500000
5,84,27.783696,-0.006695,2.224187,1.500000
5,85,27.983215,-0.006708,2.163186,1.500000
5,86,28.182742,-0.006721,2.098860,1.500000
5,87,28.382298,-0.006733,2.046073,1.500000
5,88,28.581860,-0.006745,1.989893,1.500000
5,89,28.781436,-0.006756,1.935233,1.500000
5,90,28.981024,-0.006768,1.882054,1.500000
5,91,29.180619,-0.006779,1.825962,1.500000
5,92,29.380237,-0.006790,1.779980,1.500000
5,93,29.579855,-0.006801,1.726870,1.500000
5,94,29.779495,-0.006811,1.683358,1.500000
5,95,29.979140,-0.006821,1.636999,1.500000
5,96,30.178795,-0.006831,1.591896,1.500000
6,0,12.000000,-0.001506,24.438856,0.250000
6,1,11.800000,-0.001249,25.427610,0.250000
6,2,11.705125,-0.001122,25.908864,0.250000
6,3,11.616188,-0.001000,26.366850,0.250000
6,4,11.533199,-0.000882,26.799998,0.250000
6,5,11.456147,-0.000771,27.207000,0.250000
6,6,11.382067,-0.000666,27.564620,0.250000
6,7,11.319754,-0.000566,27.938371,0.250000
6,8,11.260285,-0.000474,28.261435,0.250000
6,9,11.203711,-0.000389,28.535255,0.250000
6,10,11.158563,-0.000312,28.819600,0.250000
6,11,11.116162,-0.000243,29.054254,0.250000
6,12,11.079324,-0.000182,29.259029,0.250000
6,13,11.047992,-0.000130,29.433853,0.250000
6,14,11.022112,-0.000086,29.578697,0.250000
6,15,11.001637,-0.000051,29.693564,0.250000
6,16,10.986531,-0.000025,29.778470,0.250000
6,17,10.974103,-0.000008,29.816252,0.250000
6,18,10.972317,-0.000001,29.858480,0.250000
6,19,10.973181,0.000002,29.853613,0.250000
6,20,10.976703,0.000013,29.801747,0.250000
6,21,10.990852,0.000033,29.754170,0.250000
6,22,11.007699,0.000062,29.659533,0.250000
6,23,11.029925,0.000100,29.534928,0.250000
6,24,11.057571,0.000148,29.380343,0.250000
6,25,11.090686,0.000204,29.195783,0.250000
6,26,11.129324,0.000270,28.981290,0.250000
6,27,11.170737,0.000344,28.718004,0.250000
6,28,11.223390,0.000426,28.463090,0.250000
6,29,11.278968,0.000517,28.159676,0.250000
6,30,11.340319,0.000616,27.827230,0.250000
6,31,11.404566,0.000722,27.444865,0.250000
6,32,11.480521,0.000835,27.077757,0.250000
6,33,11.559499,0.000955,26.662136,0.250000
6,34,11.644420,0.001082,26.220766,0.250000
6,35,11.735287,0.001214,25.755040,0.250000
6,36,11.829104,0.001353,25.240762,0.250000
6,37,11.934703,0.001494,24.757747,0.250000
6,38,12.040288,0.001641,24.202146,0.250000
6,39,12.157360,0.001789,23.686452,0.250000
6,40,12.274387,0.001944,23.099369,0.250000
6,41,12.402381,0.002096,22.561553,0.250000
6,42,12.532924,0.002252,21.985996,0.250000
6,43,12.668532,0.002408,21.405865,0.250000
6,44,12.808979,0.002565,20.824195,0.250000
6,45,12.954025,0.002721,20.243933,0.250000
6,46,13.101259,0.002879,19.634569,0.250000
6,47,13.256797,0.003030,19.098860,0.250000
6,48,13.412192,0.003185,18.505177,0.250000
6,49,13.574834,0.003331,17.989444,0.250000
6,50,13.737331,0.003481,17.419710,0.250000
6,51,13.906043,0.003622,16.929701,1.500000
6,52,14.075995,0.003763,16.421193,1.500000
6,53,14.248510,0.003901,15.927844,1.500000
6,54,14.422215,0.004038,15.419228,1.500000
6,55,14.600316,0.004165,14.987586,1.500000
6,56,14.778307,0.004295,14.511129,1.500000
6,57,14.959950,0.004415,14.108295,1.500000
6,58,15.142293,0.004535,13.690654,1.500000
6,59,15.325382,0.004653,13.260079,1.500000
6,60,15.511215,0.004763,12.897204,1.500000
6,61,15.696975,0.004874,12.494711,1.500000
6,62,15.884998,0.004976,12.155903,1.500000
6,63,16.073453,0.005078,11.803463,1.500000
6,64,16.262815,0.005177,11.462503,1.500000
6,65,16.453002,0.005272,11.132543,1.500000
6,66,16.643570,0.005366,10.790918,1.500000
6,67,16.835543,0.005453,10.503825,1.500000
6,68,17.027786,0.005538,10.204206,1.500000
6,69,17.220317,0.005623,9.893483,1.500000
6,70,17.413912,0.005702,9.632571,1.500000
6,71,17.607480,0.005781,9.340501,1.500000
6,72,17.801936,0.005854,9.095404,1.500000
6,73,17.996371,0.005928,8.820642,1.500000
6,74,18.191549,0.005997,8.590225,1.500000
6,75,18.386709,0.006066,8.331542,1.500000
6,76,18.582496,0.006130,8.114791,1.500000
6,77,18.778268,0.006194,7.871093,1.500000
6,78,18.974570,0.006254,7.667060,1.500000
6,79,19.170859,0.006315,7.437376,1.500000
6,80,19.367598,0.006371,7.245235,1.500000
6,81,19.564427,0.006427,7.043502,1.500000
6,82,19.761351,0.006481,6.833153,1.500000
6,83,19.958630,0.006532,6.657421,1.500000
6,84,20.155901,0.006584,6.458947,1.500000
6,85,20.353476,0.006631,6.293310,1.500000
6,86,20.551114,0.006679,6.119043,1.500000
6,87,20.748879,0.006725,5.949767,1.500000
6,88,20.946706,0.006770,5.772897,1.500000
6,89,21.144759,0.006812,5.625564,1.500000
6,90,21.342808,0.006854,5.458521,1.500000
6,91,21.541055,0.006894,5.319514,1.500000
6,92,21.739297,0.006934,5.161712,1.500000
6,93,21.937712,0.006972,5.030525,1.500000
6,94,22.136124,0.007009,4.881416,1.500000
6,95,22.334686,0.007044,4.757574,1.500000
6,96,22.533246,0.007080,4.616650,1.500000
6,97,22.731938,0.007113,4.499715,1.500000
6,98,22.930628,0.007147,4.366495,1.500000
6,99,23.129435,0.007178,4.256059,1.500000
6,100,23.328240,0.007210,4.130096,1.500000
6,101,23.527149,0.007239,4.025776,1.500000
6,102,23.726055,0.007269,3.906659,1.500000
6,103,23.925054,0.007297,3.808091,1.500000
6,104,24.124072,0.007325,3.703745,1.500000
6,105,24.323130,0.007352,3.602285,1.500000
6,106,24.522208,0.007379,3.495700,1.500000
6,107,24.721358,0.007404,3.407664,1.500000
6,108,24.920508,0.007429,3.306839,1.500000
6,109,25.119723,0.007453,3.223603,1.500000
6,110,25.318937,0.007477,3.128191,1.500000
6,111,25.518210,0.007500,3.049504,1.500000
6,112,25.717482,0.007522,2.959213,1.500000
6,113,25.916807,0.007544,2.884805,1.500000
6,114,26.116131,0.007565,2.799357,1.500000
6,115,26.315504,0.007586,2.728983,1.500000
6,116,26.514875,0.007606,2.648103,1.500000
6,117,26.714290,0.007626,2.581545,1.500000
6,118,26.913705,0.007645,2.504986,1.500000
6,119,27.113158,0.007664,2.442025,1.500000
6,120,27.312612,0.007682,2.369555,1.500000
6,121,27.512101,0.007700,2.309990,1.500000
6,122,27.711589,0.007718,2.241382,1.500000
6,123,27.911111,0.007735,2.185030,1.500000
6,124,28.110632,0.007751,2.120076,1.500000
6,125,28.310182,0.007768,2.066758,1.500000
6,126,28.509740,0.007783,2.010016,1.500000
6,127,28.709311,0.007799,1.954812,1.500000
6,128,28.908888,0.007814,1.896591,1.500000
6,129,29.108491,0.007829,1.848850,1.500000
6,130,29.308099,0.007843,1.798012,1.500000
6,131,29.507713,0.007858,1.744374,1.500000
6,132,29.707349,0.007871,1.700426,1.500000
6,133,29.906985,0.007885,1.649643,1.500000
6,134,30.106641,0.007898,1.608053,1.500000
7,0,18.000000,0.000935,51.216470,0.250000
7,1,18.200000,0.001034,49.813719,0.250000
7,2,18.348513,0.001105,48.791069,0.250000
7,3,18.500625,0.001177,47.759994,0.250000
7,4,18.654437,0.001249,46.678945,0.250000
7,5,18.814646,0.001319,45.682665,0.250000
7,6,18.976168,0.001389,44.721454,0.250000
7,7,19.140401,0.001459,43.939814,0.250000
7,8,19.305910,0.001529,43.129270,0.250000
7,9,19.476190,0.001596,42.391752,0.250000
7,10,19.647435,0.001663,41.627812,0.250000
7,11,19.819694,0.001731,40.840549,0.250000
7,12,19.995744,0.001795,40.125903,0.250000
7,13,20.171711,0.001860,39.359153,0.250000
7,14,20.350921,0.001922,38.663801,0.250000
7,15,20.530059,0.001985,37.920159,0.250000
7,16,20.711970,0.002044,37.246141,2.250000
7,17,20.894436,0.002104,36.554889,2.250000
7,18,21.078061,0.002162,35.875711,2.250000
7,19,21.262757,0.002219,35.208748,2.250000
7,20,21.447955,0.002276,34.528352,2.250000
7,21,21.635031,0.002329,33.911760,2.250000
7,22,21.822485,0.002383,33.281666,2.250000
7,23,22.010726,0.002435,32.663777,2.250000
7,24,22.199336,0.002487,32.034660,2.250000
7,25,22.389331,0.002536,31.464198,2.250000
7,26,22.579296,0.002585,30.859947,2.250000
7,27,22.770453,0.002632,30.311815,2.250000
7,28,22.961853,0.002678,29.752862,2.250000
7,29,23.153756,0.002724,29.205144,2.250000
7,30,23.346128,0.002768,28.668452,2.250000
7,31,23.538721,0.002812,28.122795,2.250000
7,32,23.732144,0.002854,27.627295,2.250000
7,33,23.925551,0.002896,27.103464,2.250000
7,34,24.119679,0.002936,26.627601,2.250000
7,35,24.313956,0.002975,26.142741,2.250000
7,36,24.508541,0.003014,25.667584,2.250000
7,37,24.703414,0.003051,25.201910,2.250000
7,38,24.898424,0.003089,24.728534,2.250000
7,39,25.093948,0.003124,24.298173,2.250000
7,40,25.289462,0.003160,23.843397,2.250000
7,41,25.485428,0.003193,23.429835,2.250000
7,42,25.681489,0.003227,23.008438,2.250000
7,43,25.877744,0.003259,22.595296,2.250000
7,44,26.074092,0.003292,22.175177,2.250000
7,45,26.270791,0.003323,21.793034,2.250000
7,46,26.467564,0.003353,21.403544,2.250000
7,47,26.664488,0.003383,21.021581,2.250000
7,48,26.861557,0.003412,20.646975,2.250000
7,49,27.058760,0.003441,20.279560,2.250000
7,50,27.256028,0.003469,19.905731,2.250000
7,51,27.453540,0.003496,19.565663,2.250000
7,52,27.651105,0.003523,19.218870,2.250000
7,53,27.848776,0.003549,18.878648,2.250000
7,54,28.046549,0.003574,18.544851,2.250000
7,55,28.244417,0.003599,18.217340,2.250000
7,56,28.442331,0.003624,17.883886,2.250000
7,57,28.640420,0.003647,17.580634,2.250000
7,58,28.838505,0.003671,17.259486,2.250000
7,59,29.036747,0.003694,16.967473,2.250000
7,60,29.235023,0.003716,16.669409,2.250000
7,61,29.433334,0.003738,16.365744,2.250000
7,62,29.631778,0.003759,16.089708,2.250000
7,63,29.830251,0.003780,15.807852,2.250000
7,64,30.028754,0.003801,15.520598,2.250000
8,0,18.000000,0.000935,51.216470,0.250000
8,1,17.800000,0.000833,52.649741,0.250000
8,2,17.667652,0.000763,53.615872,0.250000
8,3,17.540149,0.000695,54.560801,0.250000
8,4,17.417756,0.000628,55.481839,0.250000
8,5,17.300737,0.000563,56.376334,0.250000
8,6,17.186517,0.000501,57.202006,0.250000
8,7,17.083920,0.000439,58.074926,0.250000
8,8,16.984558,0.000381,58.874593,0.250000
8,9,16.891569,0.000326,59.637913,0.250000
8,10,16.801863,0.000275,60.326445,0.250000
8,11,16.725649,0.000226,61.046593,0.250000
8,12,16.653079,0.000182,61.688550,0.250000
8,13,16.587711,0.000142,62.286437,0.250000
8,14,16.529718,0.000107,62.838713,0.250000
8,15,16.479263,0.000076,63.343993,0.250000
8,16,16.436495,0.000050,63.801040,0.250000
8,17,16.401550,0.000030,64.208763,0.250000
8,18,16.374552,0.000014,64.566211,0.250000
8,19,16.355615,0.000005,64.872564,0.250000
8,20,16.344838,0.000000,65.127131,0.250000
8,21,16.342309,-0.000001,65.329347,0.250000
8,22,16.348101,-0.000008,65.478774,0.250000
8,23,16.362273,-0.000021,65.575111,0.250000
8,24,16.380643,-0.000039,65.590884,0.250000
8,25,16.415856,-0.000063,65.608041,0.250000
8,26,16.455317,-0.000092,65.544790,0.250000
8,27,16.503191,-0.000126,65.428753,0.250000
8,28,16.559419,-0.000165,65.260461,0.250000
8,29,16.623916,-0.000209,65.040663,0.250000
8,30,16.692487,-0.000258,64.741346,0.250000
8,31,16.777101,-0.000310,64.451069,0.250000
8,32,16.865523,-0.000366,64.083641,0.250000
8,33,16.961514,-0.000426,63.670075,0.250000
8,34,17.064812,-0.000488,63.212315,0.250000
8,35,17.171638,-0.000554,62.679640,0.250000
8,36,17.292028,-0.000620,62.173549,0.250000
8,37,17.412240,-0.000691,61.562321,0.250000
8,38,17.544655,-0.000760,60.986233,0.250000
8,39,17.679667,-0.000831,60.343201,0.250000
8,40,17.819953,-0.000904,59.671075,0.250000
8,41,17.965149,-0.000976,58.972620,0.250000
8,42,18.112649,-0.001050,58.212776,0.250000
8,43,18.268747,-0.001121,57.508089,0.250000
8,44,18.424654,-0.001194,56.708439,0.250000
8,45,18.587839,-0.001264,55.970210,0.250000
8,46,18.752449,-0.001335,55.179755,0.250000
8,47,18.918569,-0.001406,54.339587,0.250000
8,48,19.090255,-0.001473,53.567777,0.250000
8,49,19.261800,-0.001541,52.711871,0.250000
8,50,19.437966,-0.001606,51.927355,0.250000
8,51,19.615017,-0.001670,51.100894,0.250000
8,52,19.793927,-0.001734,50.272495,0.250000
8,53,19.974529,-0.001795,49.443606,0.250000
8,54,20.155912,-0.001857,48.579427,0.250000
8,55,20.340172,-0.001915,47.789690,0.250000
8,56,20.524982,-0.001972,46.966825,2.000000
8,57,20.710382,-0.002029,46.113682,2.000000
8,58,20.897950,-0.002083,45.334539,2.000000
8,59,21.085463,-0.002137,44.493531,2.000000
8,60,21.274780,-0.002187,43.725595,2.000000
8,61,21.464444,-0.002238,42.931625,2.000000
8,62,21.654481,-0.002288,42.114182,2.000000
8,63,21.845894,-0.002334,41.367754,2.000000
8,64,22.037272,-0.002381,40.568729,2.000000
8,65,22.229805,-0.002425,39.839034,2.000000
8,66,22.422310,-0.002470,39.060013,2.000000
8,67,22.615787,-0.002512,38.348470,2.000000
8,68,22.809242,-0.002554,37.590630,2.000000
8,69,23.003519,-0.002594,36.898303,2.000000
8,70,23.197777,-0.002633,36.162480,2.000000
8,71,23.392734,-0.002671,35.490126,2.000000
8,72,23.587675,-0.002708,34.776862,2.000000
8,73,23.783212,-0.002744,34.124986,2.000000
8,74,23.978870,-0.002779,33.458748,2.000000
8,75,24.174777,-0.002813,32.803460,2.000000
8,76,24.370801,-0.002847,32.136024,2.000000
8,77,24.567265,-0.002878,31.525786,2.000000
8,78,24.763721,-0.002910,30.881252,2.000000
8,79,24.960555,-0.002940,30.291843,2.000000
8,80,25.157468,-0.002970,29.691161,2.000000
8,81,25.354462,-0.003000,29.080571,2.000000
8,82,25.551764,-0.003027,28.522060,2.000000
8,83,25.749059,-0.003055,27.933675,2.000000
8,84,25.946623,-0.003082,27.395392,2.000000
8,85,26.144182,-0.003108,26.828778,2.000000
8,86,26.341975,-0.003133,26.310337,2.000000
8,87,26.539817,-0.003158,25.783124,2.000000
8,88,26.737710,-0.003182,25.248221,2.000000
8,89,26.935797,-0.003205,24.758703,2.000000
8,90,27.133880,-0.003229,24.244248,2.000000
8,91,27.332134,-0.003251,23.773390,2.000000
8,92,27.530385,-0.003273,23.278789,2.000000
8,93,27.728788,-0.003294,22.826057,2.000000
8,94,27.927188,-0.003315,22.350710,2.000000
8,95,28.125722,-0.003335,21.915558,2.000000
8,96,28.324255,-0.003355,21.458829,2.000000
8,97,28.522907,-0.003374,21.040691,2.000000
8,98,28.721557,-0.003393,20.601958,2.000000
8,99,28.920315,-0.003411,20.200265,2.000000
8,100,29.119071,-0.003429,19.778899,2.000000
8,101,29.317923,-0.003446,19.393083,2.000000
8,102,29.516773,-0.003463,18.988460,2.000000
8,103,29.715710,-0.003480,18.617953,2.000000
8,104,29.914646,-0.003496,18.229458,2.000000
8,105,30.113659,-0.003512,17.873699,2.000000
9,0,28.000000,-0.000966,106.142146,0.250000
9,1,28.200000,-0.001005,105.043678,0.250000
9,2,28.382661,-0.001041,104.004959,0.250000
9,3,28.567534,-0.001075,103.033049,0.250000
9,4,28.752356,-0.001109,101.990410,0.250000
9,5,28.939059,-0.001142,101.013608,0.250000
9,6,29.125720,-0.001175,99.970207,0.250000
9,7,29.313987,-0.001207,98.991545,0.250000
9,8,29.502578,-0.001238,97.981191,0.250000
9,9,29.691841,-0.001269,96.972120,0.250000
9,10,29.881421,-0.001300,95.934946,0.250000
9,11,30.072188,-0.001330,94.960038,0.250000
10,0,28.000000,-0.000966,106.142146,0.250000
10,1,27.800000,-0.000926,107.242997,0.250000
10,2,27.620896,-0.000889,108.230362,0.250000
10,3,27.442546,-0.000852,109.173849,0.250000
10,4,27.267461,-0.000813,110.181023,0.250000
10,5,27.092466,-0.000776,111.104104,0.250000
10,6,26.921360,-0.000736,112.090496,0.250000
10,7,26.751474,-0.000697,113.025965,0.250000
10,8,26.582762,-0.000658,113.906586,0.250000
10,9,26.419138,-0.000618,114.848939,0.250000
10,10,26.257119,-0.000578,115.732618,0.250000
10,11,26.098240,-0.000538,116.594701,0.250000
10,12,25.942799,-0.000498,117.432737,0.250000
10,13,25.791129,-0.000459,118.244100,0.250000
10,14,25.641487,-0.000420,118.982863,0.250000
10,15,25.500644,-0.000380,119.775045,0.250000
10,16,25.362578,-0.000342,120.488890,0.250000
10,17,25.229923,-0.000304,121.163873,0.250000
10,18,25.100168,-0.000268,121.751665,0.250000
10,19,24.982936,-0.000232,122.383385,0.250000
10,20,24.869591,-0.000198,122.921670,0.250000
10,21,24.763803,-0.000166,123.407920,0.250000
10,22,24.666164,-0.000136,123.839388,0.250000
10,23,24.577273,-0.000108,124.213928,0.250000
10,24,24.497723,-0.000083,124.530303,0.250000
10,25,24.428086,-0.000061,124.788547,0.250000
10,26,24.368902,-0.000041,124.990371,0.250000
10,27,24.320656,-0.000026,125.139500,0.250000
10,28,24.283767,-0.000013,125.241735,0.250000
10,29,24.258568,-0.000005,125.304365,0.250000
10,30,24.245292,-0.000001,125.334608,0.250000
10,31,24.238057,0.000000,125.285715,0.250000
10,32,24.254840,0.000004,125.313063,0.250000
10,33,24.271628,0.000012,125.206430,0.250000
10,34,24.311988,0.000023,125.164537,0.250000
10,35,24.357890,0.000038,125.025760,0.250000
10,36,24.409351,0.000057,124.785782,0.250000
10,37,24.482181,0.000079,124.589620,0.250000
10,38,24.554726,0.000104,124.236955,0.250000
10,39,24.646508,0.000132,123.923863,0.250000
10,40,24.742337,0.000163,123.504344,0.250000
10,41,24.846443,0.000195,123.029526,0.250000
10,42,24.958231,0.000230,122.502050,0.250000
10,43,25.073627,0.000267,121.877979,0.250000
10,44,25.202426,0.000304,121.302235,0.250000
10,45,25.330913,0.000344,120.589662,0.250000
10,46,25.470710,0.000383,119.930685,0.250000
10,47,25.612707,0.000424,119.188580,0.250000
10,48,25.759316,0.000466,118.413360,0.250000
10,49,25.908070,0.000508,117.563634,0.250000
10,50,26.064722,0.000550,116.775896,0.250000
10,51,26.222894,0.000592,115.918737,0.250000
10,52,26.384266,0.000635,115.039473,0.250000
10,53,26.548559,0.000677,114.140416,0.250000
10,54,26.715518,0.000719,113.223711,0.250000
10,55,26.883715,0.000762,112.250698,0.250000
10,56,27.056485,0.000803,111.345390,0.250000
10,57,27.230139,0.000844,110.387051,0.250000
10,58,27.405655,0.000885,109.418134,0.250000
10,59,27.582040,0.000927,108.402198,0.250000
10,60,27.761636,0.000966,107.454387,0.250000
10,61,27.941153,0.001007,106.425444,0.250000
10,62,28.123378,0.001045,105.464197,0.250000
10,63,28.305537,0.001084,104.426757,0.250000
10,64,28.489987,0.001122,103.456300,0.250000
10,65,28.674891,0.001159,102.448040,0.250000
10,66,28.860744,0.001196,101.438069,0.250000
10,67,29.047043,0.001233,100.394588,0.250000
10,68,29.235002,0.001268,99.416089,0.250000
10,69,29.422924,0.001304,98.374028,0.250000
10,70,29.612268,0.001338,97.395756,0.250000
10,71,29.801582,0.001372,96.357510,0.250000
10,72,29.992119,0.001405,95.381798,0.250000
10,73,30.182631,0.001439,94.349426,0.250000
