,Experiment,Bar,min_row,min_col,max_row,max_col,Orientation,Width,Length,Bra_init_mean,Bra_init_std,Bra_final_mean,Bra_final_std,H2B_init_mean,H2B_init_std,H2B_final_mean,H2B_final_std,Ncells_init,Ncells_final,frame0
0,20240311,1,278,1273,451,1317,vertical,44,173,4933.894241010762,1646.2049720800087,3645.778139945312,2390.4911033874832,12090.43388998822,2313.8888946736365,10951.1809740195,2074.2591509416816,91.0,62.0,6.0
1,20240311,2,282,1427,412,1471,vertical,44,130,4732.695688187991,1265.6675651598405,3220.968651037052,1029.3532349203629,11969.359208765218,2034.8058837458711,12772.387452458112,1990.4813467559084,84.0,71.0,6.0
2,20240311,3,523,1425,739,1469,vertical,44,216,4605.103297531683,1112.7711653737767,2876.4331989956386,1194.9701031032605,11688.752840816762,1835.8153258684008,11333.675650165518,2145.907558208554,134.0,77.0,6.0
3,20240311,4,565,1271,738,1315,vertical,44,173,4441.278751822475,1233.4200404225437,2924.2830211192254,1265.3672858504654,11030.052645079722,2347.644502722434,12087.086936276057,2066.876063414139,84.0,88.0,6.0
4,20240311,5,836,381,1009,425,vertical,44,173,4359.366379019921,1432.706813666992,3138.669413700163,1247.569686968823,11619.118990370484,2356.237720649549,13332.778475828902,2450.377413229637,94.0,77.0,6.0
5,20240311,6,847,1416,977,1460,vertical,44,130,5069.370310679656,1219.6629817746707,3474.904406494853,1534.371496548154,11853.002258616469,2204.755767471431,13030.089262178406,2584.442746713108,82.0,56.0,6.0
6,20240311,7,849,1265,1022,1309,vertical,44,173,4962.01665143499,1397.9462364853114,2951.39782854882,1229.0560381415482,11599.415105051256,2098.029138442815,11980.138533955773,1926.1813659772,99.0,67.0,6.0
7,20240311,8,1075,532,1291,576,vertical,44,216,3680.278237378965,1554.2696419170857,2594.176424391645,1081.4507255435624,9759.559845550984,2363.1898556531105,11408.828345629843,2307.525660227318,118.0,102.0,6.0
8,20240311,9,1079,671,1295,715,vertical,44,216,4694.625736591664,1289.4764853573452,3077.5322487192034,2056.227582225407,11200.22005497693,2114.748354583452,11166.504081409768,3071.4661787149435,114.0,67.0,6.0
9,20240311,10,1081,974,1297,1018,vertical,44,216,4669.615708404524,1397.9932589012287,2536.577503989324,771.163244957344,11259.389567106544,2599.5347942540284,9972.880703705969,2699.0650435540515,121.0,47.0,6.0
10,20240311,11,1082,1112,1298,1156,vertical,44,216,4046.453803767301,1230.489162892718,2106.41706587586,986.078742117846,10799.41799447596,2567.365566596224,9874.055046467223,2578.1319242233862,109.0,58.0,6.0
11,20240311,12,1086,1416,1302,1460,vertical,44,216,5023.485560371874,1526.2921770845055,3269.002216028956,1656.458573140062,11812.339516463107,2518.1840893437475,12276.347187538133,2971.8895108486013,128.0,71.0,6.0
12,20240311,13,1124,820,1297,864,vertical,44,173,4485.084000341362,1447.1251731180216,2984.6349682176665,1205.668644133665,11442.524154668628,2041.240478536926,11546.926723825374,2641.802071204178,95.0,37.0,6.0
13,20240311,14,1125,378,1298,422,vertical,44,173,5058.832298631689,2353.5273284689374,2435.525958594207,632.6274045829747,11312.741057943796,2521.494610965542,11481.998447696056,2483.1632565318328,81.0,62.0,6.0
14,20240311,15,1129,1263,1302,1307,vertical,44,173,4633.544723957339,1332.9768711465135,2120.5353456294174,710.4777919937563,11458.758341305267,2453.0754309778204,9997.937237751468,2521.4378617682823,80.0,36.0,6.0
15,20240317,1,174,91,391,135,vertical,44,217,3670.63799729831,1481.346601405204,2341.1511411718143,1031.860562735557,10420.678972343138,1816.2041795969797,11749.31768020228,2546.10585895528,111.0,126.0,16.0
16,20240317,2,174,233,391,277,vertical,44,217,3632.831775832976,929.1604018099446,2775.5445486505228,1243.294605198393,10517.098228198256,2009.3953400238056,11302.059205265325,2579.4973253093244,114.0,117.0,16.0
17,20240317,3,177,675,394,719,vertical,44,217,3534.0024682119374,1116.726440672811,2575.235096740094,945.093004325961,9769.032358422222,2117.174585020259,11829.6402606169,2383.072244898608,120.0,134.0,16.0
18,20240317,4,184,1423,401,1467,vertical,44,217,3813.07455495862,1110.645959478682,3129.180066243709,1498.290737894005,11492.345986500171,2434.3153488628013,12166.628270315505,2004.0050021157065,172.0,115.0,16.0
19,20240317,5,504,91,635,135,vertical,44,131,2950.859742603063,926.073954542574,1972.2143147309573,866.078281446981,8793.755763778277,1649.5012292030187,11401.01159660858,2336.920730307146,59.0,81.0,16.0
20,20240317,6,507,230,638,274,vertical,44,131,3242.6380917725605,921.5159595152152,2244.741189622505,753.3064560068192,9439.369158298854,1403.400103937921,12176.2060183721,2469.6963482277565,70.0,77.0,16.0
21,20240317,7,508,975,639,1019,vertical,44,131,3116.655376084768,925.5874636165776,2261.78485342646,1090.003425195647,9248.148566920405,1848.6884831251448,11079.85516724294,2601.8332552310767,60.0,59.0,16.0
22,20240317,8,513,1269,687,1313,vertical,44,174,3084.4032461242978,800.3517716356162,2325.1328700698664,914.141494037102,9545.970496648728,1960.2184822867264,11760.284066858096,2124.672775703596,80.0,84.0,16.0
23,20240317,9,746,229,963,273,vertical,44,217,3770.434178700089,907.750910942541,3080.034934806364,1244.6944264044655,11359.744730259466,1758.665415506495,12428.037100651469,2913.5141175482468,156.0,115.0,16.0
24,20240317,10,747,529,964,573,vertical,44,217,3558.503909144708,1018.3923141203742,2659.0224317815496,1145.980904255406,11039.629001242502,2061.9169683380837,12791.600623761682,2718.290165659604,168.0,154.0,16.0
25,20240317,11,748,970,965,1014,vertical,44,217,3450.133670849877,1435.5895199176607,2181.318555357904,880.0527810466712,10506.164311671004,2192.806901816981,12039.864294271973,2684.1584787405955,105.0,113.0,16.0
26,20240317,12,750,1114,967,1158,vertical,44,217,3227.0162624955647,1246.8934255224192,2060.401607877064,653.0321664059766,10121.241473690829,2389.322651918376,11401.190873115936,1861.520576820545,94.0,109.0,16.0
27,20240317,13,794,1262,968,1306,vertical,44,174,3453.3536679670983,1010.3658358111328,2156.542818666594,661.2592284473062,10443.788584125992,2369.208900077504,12291.860844542509,2187.8354443176886,88.0,85.0,16.0
28,20240317,14,1071,531,1202,575,vertical,44,131,2700.480751404364,910.8142071435668,2049.7877743540107,1056.7048349098177,8373.631956017281,2276.5873857818474,10196.750935810303,2670.636300882552,60.0,64.0,16.0
29,20240317,15,1072,230,1203,274,vertical,44,131,3316.195469960704,943.3074001744424,2260.8479731988227,993.9350997419676,9705.76066699481,1731.1537412022694,10923.15847407113,2985.30717042642,61.0,64.0,16.0
30,20240317,16,1075,378,1249,422,vertical,44,174,3596.3986694984364,1199.7370642809492,2896.1569047576886,1296.0694040516526,10687.253953625255,2015.8456355024437,12170.844673753234,2927.572823259223,129.0,109.0,16.0
31,20240317,17,1076,673,1207,717,vertical,44,131,3178.7442120525075,1030.7227577828726,2465.296543201426,1035.5748856945645,9486.375000913638,2362.080170474833,11535.269615318652,2255.3002812447726,63.0,68.0,16.0
32,20240317,18,1076,825,1250,869,vertical,44,174,3569.403314596875,1352.627832546427,2542.5649045325763,990.3324659010708,10199.690938666628,2110.570301907482,10941.438674308216,2029.92954562476,87.0,79.0,16.0
33,20240317,19,1076,974,1207,1018,vertical,44,131,3113.768065954563,861.5661542473634,2242.768928344118,848.8892880879089,9112.270487684124,2102.9222274442327,10781.104804678944,2391.473659337293,60.0,58.0,16.0
34,20240317,20,1078,1114,1209,1158,vertical,44,131,3519.603255310682,919.8653247285235,2411.3409724028083,967.9940570381756,10192.747302390391,2186.7274322305293,11407.206750989735,2442.7286873614235,87.0,80.0,16.0
35,20240317,21,1078,1266,1252,1310,vertical,44,174,3063.5497027302745,1358.3402688068354,2119.018218799577,929.147701317825,9053.333622024444,1806.5639315564265,11035.674905416325,2305.9980134835973,72.0,75.0,16.0
36,20240317,22,1308,228,1525,272,vertical,44,217,3728.976604535477,909.6305308624052,2835.139959662284,1231.6289980624151,10809.586762625417,1825.74849555442,12303.35662274759,2627.611591022514,134.0,125.0,16.0
37,20240317,23,1311,84,1528,128,vertical,44,217,3105.383239920004,906.98306297998,2183.88812289036,805.0235647619963,9526.406312946356,2028.4188537766008,11313.938784137395,2471.794400325339,134.0,127.0,16.0
38,20240317,24,1312,527,1529,571,vertical,44,217,3394.686541336013,1386.0950676131736,2437.505172003905,935.8673881596598,10270.513309897491,2159.908212401755,11662.876234508609,2747.630598740205,142.0,89.0,16.0
39,20240317,25,1313,671,1530,715,vertical,44,217,3290.460467928967,1049.3133101494373,2432.4853640660663,1017.5197912285932,9558.116779307778,2126.9328043292853,11282.698832939066,1933.031182643092,100.0,116.0,16.0
40,20240317,26,1315,1112,1532,1156,vertical,44,217,3422.212506528977,946.2930306748784,2527.712867952905,981.3365973805188,9878.070859595144,2131.295459999369,11089.501409547578,1970.318308432835,112.0,75.0,16.0
41,20240317,27,1316,1414,1533,1458,vertical,44,217,3854.626008968215,993.0989465585252,3327.019931229826,1287.2584504871566,11063.145639967752,2109.6191098223,13044.477840476093,3162.7859142460284,153.0,120.0,16.0
42,20240317,28,1317,974,1534,1018,vertical,44,217,3320.910075577806,952.8780424194148,2580.408962878062,1130.693384946698,10434.227427319678,2343.1489210314603,12899.547736836366,2586.4950875642194,111.0,79.0,16.0
43,20240317,29,1353,375,1527,419,vertical,44,174,3501.154323758732,944.6055490337552,2159.0343061823937,900.6403871647925,10005.773231046038,1819.006542466382,10873.784310880164,1910.1851243125736,78.0,59.0,16.0
44,20240317,30,1357,1263,1531,1307,vertical,44,174,3828.232933013313,1130.0950564321547,3115.855003832818,1387.0029908104516,10592.200799079286,1648.661569620223,12635.017468475153,2841.536364667932,102.0,62.0,16.0
45,20240317,31,1358,822,1532,866,vertical,44,174,3573.442386570423,2155.057797366096,2641.362202745496,1140.119170435477,9698.48840398369,2321.350314140646,12342.320627127892,2241.040180253765,64.0,83.0,16.0
46,20240320,1,190,57,320,101,vertical,44,130,3995.954847765798,1474.5773034798326,4095.17949076259,1357.6150838377089,9674.3941450589,1819.7544746746528,11682.889194042098,2158.1570141744246,67.0,72.0,20.0
47,20240320,2,195,945,325,989,vertical,44,130,3442.976103757288,936.78701313149,3130.719739117118,1683.9284938632964,8734.303772468898,1737.9441586785083,11339.44212059246,2886.1058086748326,33.0,47.0,20.0
48,20240320,3,197,648,370,692,vertical,44,173,4040.642972390169,1812.2965235675367,2440.544767688998,974.2519722910944,10704.490058287747,2453.733362783806,10893.227827906294,2059.490246149453,105.0,88.0,20.0
49,20240320,4,197,801,327,845,vertical,44,130,3300.9241539696923,881.6691212303922,2640.391116843616,1081.466355403196,9405.48227577206,1989.0350041123315,12348.962601699142,2266.538745991971,53.0,64.0,20.0
50,20240320,5,198,208,371,252,vertical,44,173,4198.147379241035,1353.6039389465795,3789.454035010775,1822.0426321785085,10805.672428345244,1831.5137397851288,12579.638787037306,2442.4443927142465,118.0,127.0,20.0
51,20240320,6,199,499,329,543,vertical,44,130,3474.490605186959,1190.1728246889952,2494.5111468869363,1090.1802730972672,10756.97921789778,2086.064070179043,12344.916200938256,2605.5159326286066,109.0,91.0,20.0
52,20240320,7,201,361,331,405,vertical,44,130,3805.551496609956,1414.6058583837737,2053.71579176168,673.5192141357026,9976.37167004069,1792.0311068329106,9786.730882423832,1501.6348983043868,46.0,20.0,20.0
53,20240320,8,435,944,652,988,vertical,44,217,3348.5094376361626,1205.8199798047758,2083.8710100387607,877.1791568524407,9133.962418079216,2083.702019878278,10484.195758344287,2214.55045206377,85.0,73.0,20.0
54,20240320,9,437,56,654,100,vertical,44,217,2950.2428585915127,1049.3650804399124,2353.275434876669,1232.6958618222625,9023.214376065132,1730.587237192042,10811.13038644385,2678.042392048097,150.0,120.0,20.0
55,20240320,10,437,800,654,844,vertical,44,217,3498.325345788933,1335.878275081758,2310.428949090499,1270.161171648991,9155.642434216868,1961.8207244794187,10534.3554575068,2821.2410870088424,102.0,85.0,20.0
56,20240320,11,441,362,658,406,vertical,44,217,4531.916916573146,2433.60536912646,3123.3440260510224,1600.218216293899,10666.477016527942,2463.442773127885,12772.160483645166,2638.3964860535184,116.0,135.0,20.0
57,20240320,12,443,498,660,542,vertical,44,217,3259.095945179963,795.5536285721329,2517.8966998326755,1209.0696240101531,9303.35635961152,1546.275861572963,10465.981044193952,1996.334900755695,122.0,100.0,20.0
58,20240320,13,480,646,653,690,vertical,44,173,3969.842364363337,1389.5643399774358,3400.553621656564,1604.4097429284836,10816.522377583236,2043.9049854894276,11880.435454501792,2308.049360462407,143.0,145.0,20.0
59,20240320,14,481,209,654,253,vertical,44,173,3598.46762151268,1529.090733217381,2407.798470204612,1153.0433921600682,10260.604304315097,2504.8095240842317,11895.754290602155,1987.041347287786,118.0,94.0,20.0
60,20240320,15,761,652,934,696,vertical,44,173,4136.337572045705,2064.687798318896,3025.136829661484,2033.385522083202,10939.53018651592,2209.530154612544,12296.37408718073,2491.440597339548,121.0,109.0,20.0
61,20240320,16,761,804,891,848,vertical,44,130,4122.220379578505,1222.2029216699964,3253.836682953837,1640.4208410480376,11424.839249572586,2363.6134082941144,12409.512985895242,2180.0818597449183,102.0,82.0,20.0
62,20240320,17,763,57,893,101,vertical,44,130,3616.4155252074215,1586.927325594368,2632.872684014104,1063.1737872178028,10897.874466719775,2587.726700974385,13065.182576664556,2221.067206109869,121.0,116.0,20.0
63,20240320,18,763,946,893,990,vertical,44,130,3973.971018701282,1177.0051874670298,2871.659964380146,1323.3864509007417,10998.089033921971,2244.8129031953576,12237.95701359491,2150.194876824336,87.0,86.0,20.0
64,20240320,19,765,361,895,405,vertical,44,130,4346.459693443056,1371.157299684176,3461.791870328639,1701.4290311584973,11239.731343957412,2082.582293164628,12565.07266604182,2088.441397161489,96.0,93.0,20.0
65,20240320,20,765,503,895,547,vertical,44,130,3576.5954733364124,1410.015969297968,2431.81159977812,959.3889701860168,9770.841226089298,2431.72831355728,10586.83188127704,2238.8607597748883,59.0,40.0,20.0
66,20240320,21,768,208,941,252,vertical,44,173,3752.985531358445,1364.6264365924155,3670.831738827052,1790.9063824349073,11295.294457879918,2418.054270884837,13255.505124435656,2365.39987058874,127.0,146.0,20.0
67,20240320,22,1001,948,1218,992,vertical,44,217,3208.396426402268,907.187419611668,2838.6751628288084,1276.132716278706,9423.505621002832,2204.516797786732,11749.914894096724,2290.23929385388,103.0,122.0,20.0
68,20240320,23,1005,58,1222,102,vertical,44,217,3431.348036226846,1017.3441684751216,2875.443362464655,1178.057568058749,9442.931793157752,2174.4399241167857,11448.217568891982,2628.51416336028,121.0,126.0,20.0
69,20240320,24,1005,360,1222,404,vertical,44,217,3785.862502822727,1149.0820979205253,2714.5899546174537,1138.72261434985,10415.872091561258,2035.5877463106128,11469.18805311704,2047.189434823468,139.0,130.0,20.0
70,20240320,25,1005,502,1222,546,vertical,44,217,3768.13815034699,1629.1188589849844,2644.397784212201,1183.0056699622533,10074.8953298481,1925.7942134267732,11000.017961258296,2069.354326371095,173.0,127.0,20.0
71,20240320,26,1005,802,1222,846,vertical,44,217,3233.456028705289,1085.473163821469,2155.55967707544,1080.2730630721426,9656.14778164693,1903.1406838926343,11302.368385568878,2573.116806948012,120.0,114.0,20.0
72,20240320,27,1046,207,1219,251,vertical,44,173,4073.961670001688,1135.5809500813568,3192.9676428470184,1265.232484619311,10725.405622212404,1992.560569600596,11917.060408471389,2306.7895295090725,151.0,113.0,20.0
73,20240320,28,1057,653,1230,697,vertical,44,173,2710.0311985008634,710.954213845178,2432.263703296258,908.4602947718686,7350.219797801719,1617.3802115664569,11082.187574801785,2192.5022098262707,56.0,106.0,20.0
74,20240320,29,1331,358,1461,402,vertical,44,130,3948.0278772552015,1284.927635958477,2654.271042216405,1072.0469535102325,11443.59757173534,1787.0525854059892,12575.61181673977,2087.9960933950997,93.0,84.0,20.0
75,20240320,30,1331,944,1461,988,vertical,44,130,3231.1938716690297,916.3504274572812,2011.419497469201,593.7316996546854,9297.803120294986,2533.5441676140963,10761.016102090956,2506.225554682625,42.0,37.0,20.0
76,20240320,31,1333,649,1506,693,vertical,44,173,3726.252707111613,1623.785310173896,2205.93522725107,842.6174719997862,9499.772550494554,1849.8290855008856,11065.304738966868,2330.6612540242854,74.0,60.0,20.0
77,20240320,32,1335,207,1508,251,vertical,44,173,4006.236214169227,1690.5961816334943,2614.156392985175,957.1838073412944,10426.388043704244,2485.032249714515,12539.857899828696,2312.929552416721,96.0,71.0,20.0
78,20240320,33,1335,498,1465,542,vertical,44,130,3812.9915237231553,1176.5406175454527,2932.490839896279,986.9791448973504,10401.642562590188,2002.9013577910648,10851.222625129636,2101.6636544256708,84.0,52.0,20.0
79,20240320,34,1337,54,1467,98,vertical,44,130,4091.482026895051,1206.174028232129,3686.075100486544,1100.314634160532,11005.882740215931,2183.1724040393897,12178.657585706034,2319.231333327828,133.0,95.0,20.0
80,20240320,35,1339,804,1469,848,vertical,44,130,3139.066574998272,895.9948005241789,2090.013731446464,783.4571742641733,8755.699196557181,2156.503496791617,10941.970051335264,2328.0323520065376,42.0,35.0,20.0
81,20240320,36,1566,948,1783,992,vertical,44,217,3211.637437260172,1039.674998003759,2525.683362907503,1088.4386086905206,8910.150368526929,2368.562217528745,11239.777557949,2636.089295475315,78.0,87.0,20.0
82,20240320,37,1570,802,1787,846,vertical,44,217,3788.5274647235688,939.9820546362648,2762.564057467983,1064.9045398716655,9328.22066683154,1868.5557201961465,11246.164954040809,2229.400061936251,113.0,94.0,20.0
83,20240320,38,1575,59,1792,103,vertical,44,217,3642.389237294388,1084.6593865376158,2555.5925650800214,1372.547353815034,9476.946044160895,2008.3652388024016,11412.627376912664,2251.3511462612664,133.0,87.0,20.0
84,20240320,39,1576,363,1793,407,vertical,44,217,3811.361084743548,1267.3104931658847,2643.2046440497493,920.748758402022,10508.961961362656,2288.1631424604234,12435.180165218037,2273.4746369627665,125.0,89.0,20.0
85,20240320,40,1576,502,1793,546,vertical,44,217,2885.6967748127136,922.7722619511688,2313.4218287918484,1036.912430223779,8297.056216064882,2187.820013681869,11283.3506317077,2863.200451749936,98.0,89.0,20.0
86,20240320,41,1619,211,1792,255,vertical,44,173,2775.954839184499,741.259249405489,1988.8248305914012,555.2360598671734,8063.364079281589,1851.7830428967477,9947.90897752168,1677.4611469187796,50.0,38.0,20.0
87,20240320,42,1620,652,1793,696,vertical,44,173,3976.489543942309,1544.1513133332423,2867.3802121584063,1306.8626739535202,10056.40070825768,2180.536564830472,11045.252590436085,2623.4378587041483,91.0,73.0,20.0
88,20240320,43,1899,502,2029,546,vertical,44,130,3758.1636573742585,1136.872908318854,2625.600825340196,1110.005582799998,9878.242348500906,2150.543633289128,11095.98508686814,2757.734136549718,59.0,48.0,20.0
89,20240320,44,1900,653,2073,697,vertical,44,173,3141.4382607125017,991.2561149545944,2343.393161998561,845.0071700039526,9260.102932517097,2079.6046633815004,10943.46811319778,2233.969425725811,66.0,51.0,20.0
90,20240320,45,1901,58,2031,102,vertical,44,130,3595.098356457307,1187.6394285745744,2304.1409812144034,909.6724085317176,11225.21435089766,2575.4087539272937,12598.722072385568,2643.6376702159178,118.0,75.0,20.0
91,20240320,46,1902,208,2075,252,vertical,44,173,3050.10251312552,1324.078877851662,1902.3409034148865,528.7054979533237,9704.173590214265,3453.582665797588,11162.825082068352,2405.748931273504,27.0,22.0,20.0
92,20240320,47,1903,362,2033,406,vertical,44,130,4298.28654623418,1003.27259853469,3142.7652054654664,1103.8071678359636,10594.061690089771,2420.5147138413327,12256.896146790452,2234.0127069798536,62.0,55.0,20.0
93,20240320,48,1903,808,2033,852,vertical,44,130,3735.3695289180255,1930.8183095555612,2313.867096044932,1395.245759013551,9935.304050567203,2384.1142092307764,11178.273999146151,2507.626689351344,52.0,30.0,20.0
94,20240320,49,1903,946,2033,990,vertical,44,130,2671.53619077934,752.242486012935,1855.762651599412,427.4107725667049,7506.650901511447,2033.966370307201,9240.595192874043,1487.6106039247106,31.0,26.0,20.0
95,20240320,50,2137,948,2354,992,vertical,44,217,3215.4834770362054,932.6984433382032,2085.6508877386545,619.9447236776514,8549.808074184286,2061.4111530239256,10284.108444894287,2271.6861734015824,61.0,48.0,20.0
96,20240320,51,2138,503,2355,547,vertical,44,217,3356.6681209706576,1132.4982813126098,2594.2473162384185,1456.841286925765,9431.13304711739,2269.771010807286,10759.456315844269,1990.065061510156,118.0,102.0,20.0
97,20240320,52,2138,805,2355,849,vertical,44,217,3430.468930926844,949.229620311762,2061.259749325593,679.9048883464421,9483.526416612938,1970.92829397188,11081.969353049397,2658.8092838899947,94.0,44.0,20.0
98,20240320,53,2140,58,2357,102,vertical,44,217,3461.755023846326,1202.7714182789982,2365.628737927894,844.3150660638012,9334.938465584124,2511.320579057434,10256.880413676809,2113.0015435249634,84.0,39.0,20.0
99,20240320,54,2145,365,2362,409,vertical,44,217,3373.588505091297,1158.271618627972,2724.0905073984104,1049.583633981739,9459.388004084114,2220.600082823641,11724.838370345276,2204.4150508290827,76.0,41.0,20.0
100,20240320,55,2182,655,2355,699,vertical,44,173,3354.773275184761,981.7538664186892,2501.120642211876,1059.7259882649691,9615.36448817518,2131.0536124797327,9964.40258081984,1780.8176312104374,76.0,48.0,20.0
101,20240320,56,2186,209,2359,253,vertical,44,173,4477.491417495117,2626.1488419694288,3524.9713747535466,2883.2703098425377,10224.54119052339,3531.8404749031724,10724.682795118131,1811.6728678565976,48.0,28.0,20.0
102,20240404,1,204,281,420,325,vertical,44,216,3693.014928954023,1141.6998059877462,1860.2105536545505,450.7097574829693,9396.609505296012,2243.5161405208155,8933.772795211818,1978.504236310946,80.0,44.0,8.0
103,20240404,2,209,135,425,179,vertical,44,216,3585.3192406863686,1503.9253627889614,1683.38721633407,380.8436996770101,8571.820311958303,1370.399205861337,6894.25566183409,1362.4749916125447,58.0,24.0,8.0
104,20240404,3,210,1160,426,1204,vertical,44,216,3289.3595981451485,1026.7678624334906,2220.5496455207094,516.539380934957,9512.815145450806,2289.36205738137,11447.37902724084,2281.90912771193,89.0,75.0,8.0
105,20240404,4,212,722,428,766,vertical,44,216,3677.472759868643,1087.9057589659153,2654.346921621336,869.2588491867547,9546.65257247673,1441.3249370430203,12152.011269633223,2276.4123938208445,129.0,107.0,8.0
106,20240404,5,213,583,429,627,vertical,44,216,3741.240392538159,1396.211002605543,2174.6628298784703,574.420812491534,9290.632584075054,1945.746889809416,10006.623923332714,2022.893298503505,98.0,61.0,8.0
107,20240404,6,213,1026,429,1070,vertical,44,216,3385.942826751448,1209.9067573467964,2385.91391501438,544.9835069491406,9278.01011675676,2258.036208218364,11521.69398021628,2026.4659244142,126.0,108.0,8.0
108,20240404,7,255,430,428,474,vertical,44,173,3592.372066281693,1200.100504806021,2108.448511603889,446.51424307040014,9312.040547440269,2104.609144301761,8944.569061400129,2122.240489378404,66.0,33.0,8.0
109,20240404,8,259,874,432,918,vertical,44,173,3240.715972811809,925.4764125969087,2400.099377016856,460.5973678580404,8828.634899131474,1683.237670804611,11820.37043386713,2040.189780689472,79.0,71.0,8.0
110,20240404,9,543,426,716,470,vertical,44,173,3629.808194758534,1435.5788269392,2337.6441633942604,591.9194580764465,9423.607320625915,2253.045414705385,11816.99509194584,2159.731352029105,86.0,97.0,8.0
111,20240404,10,545,1163,675,1207,vertical,44,130,3416.725264817476,1247.022023545089,2415.751094217256,669.7904501659643,9460.961927758208,2025.8008316277703,12396.80021949602,2183.713909673681,82.0,68.0,8.0
112,20240404,11,548,1306,721,1350,vertical,44,173,3744.549709589849,1422.7690837214705,2387.448418398795,769.0393647319257,9347.280103556985,1757.6555685660917,12452.6748456741,2107.639720999921,97.0,76.0,8.0
113,20240404,12,549,1463,679,1507,vertical,44,130,3954.63845962906,1355.5331312142157,2677.605305425784,962.7311850514118,10625.939511699617,2322.5948896384625,11981.309490576115,2534.850500435967,93.0,63.0,8.0
114,20240404,13,783,715,999,759,vertical,44,216,3414.1446917821545,831.1257321273869,2130.444525958452,684.9524257679366,10731.828382378508,2396.2541345590653,9301.532400211663,1555.6748713969832,96.0,41.0,8.0
115,20240404,14,783,1018,999,1062,vertical,44,216,3281.6384346525906,885.1154264385291,2057.7296781897494,555.2756294978896,8984.498610602219,1971.8371285308392,8379.952669301421,1570.4762754640697,95.0,47.0,8.0
116,20240404,15,784,571,1000,615,vertical,44,216,3506.1196355066118,795.605075346237,2186.5635648749235,579.247396557286,9526.827830987311,1926.9226506982045,10751.786024733035,2226.3745888368394,113.0,73.0,8.0
117,20240404,16,788,1157,1004,1201,vertical,44,216,4100.109322155985,1463.5616736238237,1939.8609404682463,484.089148807334,10094.908413392812,1972.070565381092,8109.536258734316,1853.9718507443624,96.0,36.0,8.0
118,20240404,17,791,1460,1007,1504,vertical,44,216,4178.314513043673,1096.1036357971916,2943.9050408233343,961.87794453371,11133.172340833233,1906.3031330060269,12652.413620440351,2298.1344507098424,168.0,127.0,8.0
119,20240404,18,822,864,995,908,vertical,44,173,3871.059900154845,1026.8110498161084,1993.530356460368,572.9897529838875,9699.986771722017,1909.7743437099289,9071.852148667916,2068.060165340778,82.0,32.0,8.0
120,20240404,19,828,422,1001,466,vertical,44,173,3140.72817314958,791.9568535916635,2630.72894673108,772.8211404383882,8381.853492535216,1417.694518210732,11805.888288515354,2078.756538104639,56.0,79.0,8.0
121,20240404,20,832,1307,1005,1351,vertical,44,173,3861.874220696586,1105.8629207727067,2153.141981371033,539.9312917916694,10693.488348044251,2325.388303939119,9950.92522811116,1894.4674151169136,88.0,34.0,8.0
122,20240404,21,1105,573,1235,617,vertical,44,130,3052.875839399609,1359.1339215923588,1498.804471131345,254.48101425017603,8742.317654811408,2264.676787588955,6615.26054610025,1320.4249942034985,62.0,14.0,8.0
123,20240404,22,1108,864,1281,908,vertical,44,173,3125.804331097541,1225.5300542417451,2110.386953439277,514.3723749060181,8630.854398131998,2551.042226169669,9435.264985156518,1598.302930502157,57.0,26.0,8.0
124,20240404,23,1113,721,1243,765,vertical,44,130,3584.028913312766,1447.2544809793333,1649.8130257542196,326.6748568557617,8682.394214124082,1656.300446056825,6930.494409272748,1316.2287170086447,35.0,13.0,8.0
125,20240404,24,1115,1162,1245,1206,vertical,44,130,4198.737439318059,1011.5796096072304,2177.0233093802326,688.66175430538,10284.291274204355,1905.793711577828,8561.935495264715,1801.3978512340575,70.0,25.0,8.0
126,20240404,25,1117,1017,1247,1061,vertical,44,130,3236.318354863181,1207.892562911792,1955.7639047472017,641.2669357188794,9563.53136212163,1746.1389579415456,7710.1161820736925,1625.0244702532796,65.0,22.0,8.0
127,20240404,26,1118,1310,1291,1354,vertical,44,173,4145.564148810206,1064.2587069901635,2351.537159659762,640.7418792578181,10903.65924000911,1918.223215113996,9251.47591337977,1718.6488359789282,101.0,27.0,8.0
128,20240404,27,1119,1461,1249,1505,vertical,44,130,4254.0241350098295,1227.3112659591884,2578.128099047872,1130.5640914868657,10922.791592929305,1881.8896123109755,11742.6011925951,2860.317461114093,87.0,36.0,8.0
129,20240430,1,41,26,85,372,horizontal,44,346,2945.401746324821,739.5275202981586,1615.1100745852189,377.0411202977394,7294.520426856419,1705.55318815399,7555.202634646199,1700.1132798693466,131.0,60.0,20.0
130,20240430,2,41,437,85,783,horizontal,44,346,3305.26080906834,869.7239005747713,2724.0015265896013,1077.5262470907303,8892.599308324316,1862.6501314704096,10602.57037626198,2000.8832255339416,269.0,194.0,20.0
131,20240430,3,47,844,91,1190,horizontal,44,346,2678.237999128782,942.3148013383758,1641.399187207236,919.7473057673232,7232.366634066248,2078.5254476057626,7208.097921747907,1844.6225172188235,120.0,69.0,20.0
132,20240430,4,139,25,183,285,horizontal,44,260,3067.4365869264984,682.4285808124228,1657.6353029100626,401.8324293399021,7369.418221919385,1191.948982480506,7727.241347779534,1865.135520264765,96.0,56.0,20.0
133,20240430,5,140,433,184,693,horizontal,44,260,2852.364173349283,856.4399491346678,1822.0610554259097,697.4146132734068,7436.6357218137855,1734.7675269481465,8776.615937392222,1681.5796447743676,107.0,65.0,20.0
134,20240430,6,143,846,187,1106,horizontal,44,260,2943.708825988186,1023.2706537310928,1624.728983783108,612.6030949564436,7532.539063964214,2194.6796212905074,7544.081940084734,2222.0055105960555,86.0,37.0,20.0
135,20240430,7,236,326,280,370,vertical,44,44,3762.398755058348,1486.680360047227,2541.669878810896,988.3419592814856,8563.003462279394,1408.392990276982,11889.644793832906,1614.7248650648696,26.0,28.0,20.0
136,20240430,8,238,25,282,242,horizontal,44,217,3574.1125396208654,1536.5481591682783,1728.8743355302342,299.68870172868486,8118.581892772418,1549.5266854241986,7904.178787918543,1890.4874926631103,93.0,24.0,20.0
137,20240430,9,241,433,285,650,horizontal,44,217,3238.973753928856,871.8898660382702,2177.001524259745,736.8841191390413,8188.357682229164,1841.798368265928,10201.350397654242,1742.0776033572056,100.0,105.0,20.0
138,20240430,10,246,738,290,782,vertical,44,44,3646.723557576008,1055.4335578361477,1373.0243698789898,175.07131975549936,8958.647712094209,1943.714113876691,6777.696120714343,973.5093939657472,24.0,6.0,20.0
139,20240430,11,246,849,290,1066,horizontal,44,217,3049.410702237125,840.2790145432486,1547.0119186224356,394.4585733823451,7855.568027516843,1500.5295402595057,7154.189343806278,1850.5540074439848,84.0,25.0,20.0
140,20240430,12,247,1149,291,1193,vertical,44,44,2867.3599612259127,791.914342382171,1915.4914062406176,716.9976054785953,7867.408484077167,1579.6341162580193,10316.921275412038,3019.1779528664124,14.0,8.0,20.0
141,20240430,13,251,1259,295,1476,horizontal,44,217,2720.80864280082,824.4682825933454,1504.313464320444,504.6688544050065,6785.509222490436,1968.7378977825435,6543.633262747666,2093.989411659121,62.0,11.0,20.0
142,20240430,14,337,18,381,192,horizontal,44,174,3392.070787767484,952.5424696038148,1886.3503327117603,629.4958645981926,8121.794798650969,1640.0338164072773,8291.943026552643,1397.165949432144,71.0,39.0,20.0
143,20240430,15,337,276,381,363,horizontal,44,87,3345.5283118713573,909.4282625046732,1924.3700572186185,790.1814854848745,8900.674847627482,1840.125619274528,10328.472911763783,2225.531087364554,49.0,23.0,20.0
144,20240430,16,342,692,386,779,horizontal,44,87,3242.850621125261,986.2443616427864,1706.1527110996774,321.5901212025043,8804.467929091648,1796.5118626894175,9014.561711290004,1816.377288748914,38.0,26.0,20.0
145,20240430,17,343,433,387,607,horizontal,44,174,3115.447665635674,1072.013525725479,1729.179514101796,367.4871455634699,8163.289662558108,1790.3413473608816,9237.192565103853,1786.0070981890758,86.0,47.0,20.0
146,20240430,18,345,1106,389,1193,horizontal,44,87,3705.080174634524,1015.8037808821388,2105.8379688390687,575.1673002109616,9345.973227773147,1771.7285764458957,9626.219517162916,2096.9072844893826,55.0,22.0,20.0
147,20240430,19,347,847,391,1021,horizontal,44,174,3897.3702919770394,1783.0155078021917,1515.534761007306,226.7960212064209,8835.607526670361,1748.0916202207625,7928.554345025356,2230.6644605592405,77.0,18.0,20.0
148,20240430,20,349,1259,393,1433,horizontal,44,174,2613.289539033934,691.8583961443798,1840.9062604045787,488.72876326506025,9144.811568723622,2646.234415015693,11341.128834824807,1871.1520157938255,84.0,76.0,20.0
149,20240430,21,438,21,482,151,horizontal,44,130,3121.832089317415,844.1147505510784,2190.7920622784018,803.1315196843311,8433.894890510905,1614.61870511193,10715.527358066432,1822.0797266506804,64.0,60.0,20.0
150,20240430,22,438,213,482,257,vertical,44,44,3537.826641772476,496.5330709146364,1966.4903497934945,317.6334758110556,7987.516400515833,1317.3513339825952,7863.697746064524,1574.625418833058,22.0,4.0,20.0
151,20240430,23,439,427,483,557,horizontal,44,130,3193.88462078794,937.043392251898,1920.9769681811729,736.1905480778657,8458.254957630672,1787.0501849650982,9132.625418506,1930.4417174713196,64.0,32.0,20.0
152,20240430,24,440,323,484,367,vertical,44,44,3810.560403115309,1465.5838407346407,2119.209729711655,1362.7592551902385,8956.517892166043,1447.9816311002785,11046.66040538214,1416.1848502088333,26.0,5.0,20.0
153,20240430,25,440,735,484,779,vertical,44,44,3588.704401640616,734.6486023297504,1997.6717020246936,226.0814747546473,9044.212748929089,1284.8942438679917,10716.43841111826,2012.9425988971404,21.0,12.0,20.0
154,20240430,26,443,628,487,672,vertical,44,44,3365.7718624780805,553.4130409817391,2166.05523242292,618.7720250814805,8241.195317751695,1209.1246474099962,11198.084098709156,2690.138116978335,19.0,19.0,20.0
155,20240430,27,448,1043,492,1087,vertical,44,44,3235.1677306486013,1152.312102119378,1793.1906779661017,,8441.967349285183,2302.618267551891,8699.834745762711,,12.0,1.0,20.0
156,20240430,28,449,845,493,975,horizontal,44,130,3564.434837523668,1174.4523695206822,2013.0253711324008,641.7574739598572,8606.082984809038,1569.889474134486,10947.36976288498,2154.012060091089,52.0,41.0,20.0
157,20240430,29,449,1262,493,1392,horizontal,44,130,4220.973683134629,1846.2810434899889,1554.5354629501685,283.0015707465397,9854.32037653929,2418.2536749007386,8485.351154257392,1770.2919230424693,65.0,24.0,20.0
158,20240430,30,450,1457,494,1501,vertical,44,44,3031.876211961123,555.1385575382835,2263.1941483253145,547.6444519278879,7584.851195105399,2017.6867948233937,10425.897676608192,2445.2179762612977,13.0,12.0,20.0
159,20240430,31,569,17,613,363,horizontal,44,346,3584.6647145819697,1412.2522712609832,1917.052461664973,547.8706556683536,8170.080378388025,1777.424793254052,8815.450700654812,1475.5694897946637,154.0,100.0,20.0
160,20240430,32,667,17,711,277,horizontal,44,260,3367.933666638732,901.6202221276734,1851.1131671107576,696.6256621042246,8065.898286802317,1405.7818283078363,8819.729370966703,2323.727391460053,121.0,62.0,20.0
161,20240430,33,676,841,720,1101,horizontal,44,260,2937.336192127269,915.0039947206952,2012.4979712295587,811.6857268330525,7641.105906048031,1631.7152995763045,9509.455918751522,2411.595266032109,106.0,70.0,20.0
162,20240430,34,680,1258,724,1518,horizontal,44,260,3509.1125137668587,1301.7859931554074,1846.5423235707583,448.4426110447453,8315.142704164118,1554.0153883270182,8734.889630032454,1882.384217615452,133.0,71.0,20.0
163,20240430,35,766,16,810,233,horizontal,44,217,3593.072254191977,1090.9246216576294,1966.7234259882616,702.0529045888381,8673.068550886355,1515.795163939971,8443.417426191572,2477.3384656451126,92.0,44.0,20.0
164,20240430,36,769,318,813,362,vertical,44,44,4156.310535265349,997.2632520488164,2563.809649964149,1116.3344239266137,10283.73607609684,1814.4669738258988,11498.287116231577,1724.1846229617342,31.0,19.0,20.0
165,20240430,37,771,431,815,648,horizontal,44,217,3753.7152021672887,1251.796755093135,1895.0902922825856,515.7863519499048,8978.228557634076,1745.6029235992492,10054.517410518383,1945.83049179252,170.0,76.0,20.0
166,20240430,38,773,733,817,777,vertical,44,44,3682.057500921287,1093.5027449310255,2372.2851003680807,560.9277132118737,9559.64853226053,2332.490902955436,11764.2766801683,1853.4320495598572,25.0,23.0,20.0
167,20240430,39,775,845,819,1062,horizontal,44,217,3447.033143308388,901.2981450067916,1855.283795461228,799.4697694772611,8923.943940592162,1980.3864841857137,8397.251474968782,2458.144532151375,114.0,35.0,20.0
168,20240430,40,777,1254,821,1471,horizontal,44,217,3378.740452679257,813.2487648280949,2432.1280608054394,550.6591998990848,8642.628967486347,1556.6233809426524,11048.953444537769,1791.7552774321075,128.0,104.0,20.0
169,20240430,41,778,1150,822,1194,vertical,44,44,3984.644617042544,1363.54769195631,2098.461038961039,,9119.386211195037,1593.618535710949,10926.623376623376,,30.0,1.0,20.0
170,20240430,42,867,273,911,360,horizontal,44,87,4070.937055607552,716.9773775593615,2273.791479721137,623.2028642827124,9130.677796045533,2013.051634604855,9847.244123361044,2133.0204612725856,52.0,26.0,20.0
171,20240430,43,868,689,912,776,horizontal,44,87,3940.3834307419943,1042.436189013633,2319.497668013709,617.2831326202122,9332.036491100806,1981.0509210825032,10881.530079411154,1897.126750106392,54.0,42.0,20.0
172,20240430,44,871,428,915,602,horizontal,44,174,3530.575911636567,1126.0984811372016,2343.2429216685764,915.3831550549556,9279.631073047824,1913.741214311536,11016.382222947062,1914.1453024029067,127.0,95.0,20.0
173,20240430,45,875,1101,919,1188,horizontal,44,87,3473.8924033861563,1017.0559698599748,1605.5268776582002,345.4912228296319,8955.293750294046,1650.4072998712766,7743.49120877072,1566.337766911195,50.0,20.0,20.0
174,20240430,46,877,847,921,1021,horizontal,44,174,4106.188372935408,1921.1871272127355,1904.3484440057669,478.25369610304506,9233.274651905682,1959.6934295951887,9190.47348847569,1411.264394951909,95.0,40.0,20.0
175,20240430,47,967,211,1011,255,vertical,44,44,3738.064100465173,1180.232535695262,2322.819298578175,538.4331648592012,10213.547595355754,2259.962491066677,12527.879959577393,1494.2209186911286,30.0,34.0,20.0
176,20240430,48,967,314,1011,358,vertical,44,44,4029.822436193359,712.8800746793886,2152.9684784512306,340.62795553392147,9424.829292726412,1168.6740883686923,11387.22444870332,1905.680208120876,26.0,15.0,20.0
177,20240430,49,968,428,1012,558,horizontal,44,130,3624.246667041679,761.6629914358557,2175.678946414659,492.9954074261954,9193.600166831371,1674.6017356294108,11427.021448277146,1987.4653713418463,87.0,76.0,20.0
178,20240430,50,973,728,1017,772,vertical,44,44,3446.2996530668506,857.400454233718,2316.060297494403,682.799573541373,9265.680077293568,1668.9375208668257,10952.449882039007,2229.1750799394054,33.0,18.0,20.0
179,20240430,51,974,623,1018,667,vertical,44,44,3464.5905078912506,799.0595419290213,2747.536875548804,586.2766380219384,8850.872586689966,2004.9138069549492,12258.406327940362,1396.4578853017265,32.0,44.0,20.0
180,20240430,52,974,1145,1018,1189,vertical,44,44,3365.0685547401545,967.209723330722,2032.596313604815,424.5742395280459,8528.591665679838,1645.9818020672617,11849.056161050608,1763.7299989070648,28.0,37.0,20.0
181,20240430,53,1205,842,1250,1103,horizontal,45,261,3140.1618084572065,905.586499982334,1986.5049240392696,851.6930173101597,8928.535805490712,1831.4511608090515,10197.779857494765,1697.7353728992823,193.0,99.0,20.0
182,20240430,54,1299,311,1343,355,vertical,44,44,4066.980774118596,849.5180921640994,2481.712423757816,632.3126936310232,10392.82290363761,1644.4767466826086,13118.858155531152,1597.090185946086,35.0,50.0,20.0
183,20240430,55,1305,416,1349,633,horizontal,44,217,3559.685585002993,929.904562204789,1733.600606762702,546.3218912578643,9355.701827032744,1986.0911147479744,9074.882693063011,1733.585205410625,150.0,58.0,20.0
184,20240430,56,1306,725,1350,769,vertical,44,44,4132.714658783595,852.5308642026387,2047.2864583350213,574.0237132144373,9875.522202201984,1481.5653048465983,10959.54770608174,1247.0455989546929,26.0,13.0,20.0
185,20240430,57,1308,834,1352,1051,horizontal,44,217,3515.329893811026,1153.5070862327482,1902.5220623416728,641.5523530212255,9682.442988270706,2040.134448159172,9896.297676082562,2192.028534954411,149.0,55.0,20.0
186,20240430,58,1308,1138,1352,1182,vertical,44,44,4047.307810108137,1329.547425620083,1741.52513685446,264.1642198604483,9407.586325712042,1917.3806171707936,8682.629852584616,2301.01299308217,28.0,9.0,20.0
187,20240430,59,1400,265,1444,352,horizontal,44,87,4433.19471597929,1345.0721085022242,3106.6494787488327,945.7722365811996,9933.882919300517,1814.5093577883645,11985.988751796403,1538.0284496425002,46.0,63.0,20.0
188,20240430,60,1403,418,1447,592,horizontal,44,174,3605.029119410199,912.0365020941028,2172.1733759514445,585.1033147972937,9363.203940085064,1813.0823539824928,10450.376838231648,1991.060391721074,110.0,54.0,20.0
189,20240430,61,1404,681,1448,768,horizontal,44,87,3344.732859223055,1147.3624396528264,2168.91743756106,531.9794655824944,8739.60904286034,2028.718925265876,10558.459709333889,1627.9908197429638,44.0,38.0,20.0
190,20240430,62,1409,837,1453,1011,horizontal,44,174,3927.347387845293,1584.1477936495685,2179.5344004749245,451.49202869537976,9940.406793123328,1780.6060543118217,10835.231700639708,1877.770593598034,118.0,59.0,20.0
191,20240430,63,1409,1092,1453,1179,horizontal,44,87,3142.6327534402294,1098.574743771239,2412.2085062767437,853.3293261517459,8904.158250586712,1809.1075429101013,11556.835134741896,1851.3933577096077,65.0,61.0,20.0
192,20240503,1,19,83,63,170,horizontal,44,87,3994.326815109358,1394.450297938839,1854.81381759202,325.751554333117,9287.83668990789,1925.0981054935887,7420.712124295316,1473.4783654954724,33.0,25.0,13.0
193,20240503,2,21,265,65,438,horizontal,44,173,4835.228159021562,1705.6357738911054,2851.2543379766903,1319.0993984464276,9666.200762735649,2402.955178328653,8766.878765260146,2101.550814561721,60.0,69.0,13.0
194,20240503,3,28,591,72,678,horizontal,44,87,5890.323111377267,4229.549928608538,1714.4276045126237,510.3692898966999,10031.273625478114,3495.115617740248,5835.669422731921,812.8407061917651,35.0,12.0,13.0
195,20240503,4,29,777,73,950,horizontal,44,173,4384.851227536949,1690.966749532297,2804.6398538423678,1329.5559984340805,9951.72929628494,2190.298922421749,11844.370967288354,3918.264557356637,98.0,128.0,13.0
196,20240503,5,120,82,164,126,vertical,44,44,5591.983265928317,1198.1973902853576,3602.091660043825,1076.3981911875137,9913.26293741548,1970.2282637588744,8280.898553039473,1949.2003720836144,12.0,7.0,13.0
197,20240503,6,123,219,167,435,horizontal,44,216,5133.033137316868,1542.6110751379686,2503.5804398767864,710.0621184253645,10785.136199643575,3414.4723828367664,7964.774317916484,2124.848937999825,51.0,39.0,13.0
198,20240503,7,124,594,168,638,vertical,44,44,6494.45772737481,2193.3004956289374,3540.1857053110166,1472.4308936402235,11296.63567949261,2452.1579104989783,7924.981947906841,2268.584457029764,30.0,8.0,13.0
199,20240503,8,132,727,176,943,horizontal,44,216,5022.252106519628,1978.623901391992,2355.383077870453,632.1535187690108,9130.19690422418,2806.818866112192,7141.36520623146,1545.3451384286168,56.0,58.0,13.0
200,20240503,9,221,166,265,426,horizontal,44,260,5841.019899754388,3022.88254145698,2201.8486026601668,722.9948058634089,10346.967944371205,3127.627474283864,7039.803994648938,1477.2101667280708,45.0,53.0,13.0
201,20240503,10,318,84,362,430,horizontal,44,346,4950.473884929045,1992.321445645716,2706.254092362044,1086.8086091400548,9221.177409682166,2868.1000831000056,8154.907207914275,2068.8393925588425,81.0,106.0,13.0
202,20240503,11,669,73,713,117,vertical,44,44,5405.73199420149,2157.662296910563,2846.187994139196,509.6561718968632,10820.4662590203,2012.5463392360437,8755.317259106923,1245.1362549113385,36.0,11.0,13.0
203,20240503,12,875,588,919,934,horizontal,44,346,5588.544366181388,2016.437308649656,3461.604725453105,1285.845591208683,10985.480580476837,2467.566923076012,10833.69170968591,2796.975645564566,155.0,187.0,13.0
204,20240503,13,1027,577,1071,707,horizontal,44,130,5124.540106688474,2579.499320142324,3030.757836238592,1357.7321843261748,9955.967078006546,2764.167496264631,10774.482366296445,3242.249641929099,65.0,104.0,13.0
205,20240503,14,1029,800,1073,930,horizontal,44,130,4780.78814674625,1519.905577612601,3059.419268844808,1548.5794755447134,9593.926917539664,2521.28618010419,9047.688546951127,1950.7724126709693,57.0,47.0,13.0
206,20240503,15,1122,575,1166,662,horizontal,44,87,3786.035184731564,1158.7325633043797,2280.6365566933373,619.1921012621904,10121.669685696996,2257.063394922651,8455.867437629842,1798.7162207639442,24.0,24.0,13.0
207,20240503,16,1129,759,1173,932,horizontal,44,173,5387.034109349165,1699.6603379531505,2376.933755826308,887.6606539115119,10703.328445725028,2465.396084859539,8321.3423159657,1870.329186358268,67.0,41.0,13.0
208,20240503,17,1218,65,1262,109,vertical,44,44,6006.595313136814,2577.4293234571774,3281.614002765662,1457.338093616158,11808.370642590611,2216.959512489586,9843.997045672091,2426.700996482712,41.0,19.0,13.0
209,20240503,18,1228,575,1272,619,vertical,44,44,5247.904246697744,1930.59491625924,3377.7878105873774,997.380001709443,10012.577406223496,2310.861070133577,9173.845678315796,2038.4571587838468,15.0,19.0,13.0
210,20240503,19,1230,707,1274,923,horizontal,44,216,5942.133373138096,2019.1352445819196,3819.222430969927,1671.0638291664231,10788.622580659518,3330.946213773586,9684.808350357289,3252.954895244296,77.0,61.0,13.0
211,20240503,20,1328,645,1372,905,horizontal,44,260,5122.4426904252405,1712.477648764624,2427.3825399722564,1015.4279509984163,10100.279723117035,2498.3032954604587,7412.000629010159,2176.512737300799,49.0,47.0,13.0
212,20240503,21,1427,578,1471,924,horizontal,44,346,4625.326520370636,1698.987644328773,2425.292531589859,813.3126185911088,9655.167063634544,2859.8289932606467,8123.676015615267,1946.027261529548,86.0,92.0,13.0
213,20240503,22,1567,281,1611,411,horizontal,44,130,5166.784601997475,1682.716299401038,2775.3405331331114,684.0036842284638,9444.151337390933,2241.7819134400143,8074.992656645438,1491.2407119208235,31.0,35.0,13.0
214,20240503,23,1571,573,1615,703,horizontal,44,130,5290.373191770139,1836.8690600201871,3495.462047618841,1719.918416570741,9573.512871561525,2669.135627880152,10176.692346225636,2943.7023011198885,39.0,66.0,13.0
215,20240503,24,1575,795,1619,925,horizontal,44,130,4910.073671272061,1696.863527929292,2333.3043371022977,1073.089909866704,9276.40574152283,1834.408406844517,7175.343693925292,1795.6458278225275,35.0,25.0,13.0
216,20240503,25,1672,575,1716,662,horizontal,44,87,4413.442280905677,2288.019905146694,1901.614171951536,584.1044391175482,9234.932436039882,3408.434235927118,7179.156333835295,1834.5176584963665,23.0,20.0,13.0
217,20240503,26,1675,752,1719,925,horizontal,44,173,4601.085949690747,1772.9943018142867,2587.9137649492563,1034.693414289167,9004.45707562942,2355.8635380852943,7967.524900457945,1829.4502677471564,36.0,44.0,13.0
218,20240503,27,1773,571,1817,615,vertical,44,44,5979.408530048404,2614.899039579818,3612.932057058037,1596.5322122954212,10098.671704489365,2480.989959943848,10439.69610454248,1921.7869757289827,29.0,22.0,13.0
219,20240503,28,1774,705,1818,921,horizontal,44,216,5970.967431614463,2425.936054837137,2889.7679435274517,746.728028968571,10099.33767698132,3395.064560273325,7435.996095065576,1403.3751227283371,43.0,53.0,13.0
220,20240503,29,1964,56,2008,402,horizontal,44,346,6747.220916137387,2975.1873540236047,3328.655815179737,1282.0576394631664,11395.070690960909,3216.433576661871,9202.77100886433,2292.2240990649734,133.0,123.0,13.0
221,20240517,1,292,109,336,153,vertical,44,44,3104.275384957704,718.6772207134468,2825.491015736573,1061.1312055998462,10585.447578156683,2187.584194513471,13619.542399881591,2289.1713518018514,26.0,44.0,16.0
222,20240517,2,295,623,339,667,vertical,44,44,3956.117536174664,701.9175189899572,2983.653233598946,855.7106582564091,8695.851737063445,1171.4103825466484,8892.83297054495,1527.492232361054,15.0,14.0,16.0
223,20240517,3,423,111,467,458,horizontal,44,347,4466.243141507969,1719.972982890546,3767.397787868556,1410.761406361671,9231.12011730857,1764.664642849425,10786.160587980652,2095.732198939532,175.0,250.0,16.0
224,20240517,4,807,621,851,665,vertical,44,44,4625.488673707081,993.7463725534108,2593.069786663733,830.7243117215716,8875.29103839225,1642.8508588088937,8956.061289338097,1194.0444424901552,37.0,11.0,16.0
225,20240517,5,1323,236,1367,452,horizontal,44,216,4488.925287984637,1182.7615336925355,3572.47675656724,1112.3296416613034,9140.96094344672,1447.208964301722,11230.090385588526,1991.2243959638524,107.0,144.0,16.0
226,20240517,6,1324,753,1368,969,horizontal,44,216,4877.161807293678,1890.1166066772207,4434.51322186594,1763.9791428801875,9114.52123821266,1978.7292821656283,11279.011029858852,2097.377867750717,115.0,156.0,16.0
227,20240517,7,1453,97,1497,444,horizontal,44,347,3906.8826813743103,1370.3472659204483,3434.016137759805,2355.6931411276387,8793.20359873148,1834.6958858484545,10400.161240572335,2629.546951610143,123.0,113.0,16.0
228,20240517,8,1454,621,1498,968,horizontal,44,347,4720.1749024274,1317.1110582655906,4153.482817906129,1601.0254438964032,9355.285448012412,1863.2085245376336,10893.108192970576,1979.4632166372908,205.0,223.0,16.0
229,20240521,1,3,153,47,261,horizontal,44,108,4680.917292125599,2073.4142265248524,2704.8835061657846,1141.692335713094,9186.598118042417,1520.7730484537567,7682.153710995977,1717.2479842469784,14.0,17.0,10.0
230,20240521,2,6,364,50,494,horizontal,44,130,5753.348038101957,1522.9319778400188,4849.283095645771,1722.6115600762791,9717.935564818876,1995.74976271064,10973.210589954211,2337.902316959284,82.0,95.0,10.0
231,20240521,3,10,655,54,763,horizontal,44,108,5238.477297085717,1348.6061370964103,6178.281678345219,1698.472306773237,8399.113423822979,1540.398862660565,12006.50153151356,2082.5394052485444,72.0,84.0,10.0
232,20240521,4,14,874,58,1004,horizontal,44,130,6411.514327483986,2692.32224303553,4594.909654442031,1569.5842855011022,10313.350671829665,2112.914785359877,10823.458596187467,2204.882850220213,78.0,54.0,10.0
233,20240521,5,16,1170,60,1278,horizontal,44,108,5128.487224235615,1552.6530721646648,5535.486966543444,1877.5244120066604,8871.204334797398,1842.2750087987215,11624.63517117438,1996.9262495021628,76.0,86.0,10.0
234,20240521,6,20,1393,64,1523,horizontal,44,130,5558.877051141077,1752.378262303531,3453.3299084310465,952.6836356544628,9511.028633377333,2178.436643020525,7933.086506888549,1600.362360277722,68.0,25.0,10.0
235,20240521,7,135,142,179,228,horizontal,44,86,5472.018420566543,1464.5164548875618,3533.498770950605,1020.0244646545798,10896.723934003849,2173.8517412941505,11064.657467984349,2698.9577423340493,48.0,19.0,10.0
236,20240521,8,138,652,182,738,horizontal,44,86,6299.329272448244,1780.105120654538,3469.1331852307844,1294.0918403286958,9814.432158479887,2091.981409025219,9008.403981647498,3169.8531318142827,43.0,17.0,10.0
237,20240521,9,139,319,183,492,horizontal,44,173,5631.648649402057,1405.508383901727,4607.711328540244,1286.616215629997,9670.994698841496,1794.8950055973496,9851.733574397516,2341.297855303501,82.0,58.0,10.0
238,20240521,10,143,832,187,1005,horizontal,44,173,5454.501688863493,1387.5499580452874,4295.776680505419,1113.104785886494,9365.68489505356,1851.0365341859024,9341.869510372137,1882.5506894529092,83.0,43.0,10.0
239,20240521,11,143,1169,187,1255,horizontal,44,86,4632.492924849615,1214.7056770275276,2874.202896151315,922.9144003382188,8345.184637320357,1734.8620856974974,7535.10746857952,871.5189874639491,24.0,11.0,10.0
240,20240521,12,148,1347,192,1520,horizontal,44,173,5756.886374214333,2204.355565622111,2972.423146612902,1144.9742152816984,8969.616736267937,2110.135678861138,8438.816530246788,1886.9456675190704,88.0,33.0,10.0
241,20240521,13,261,137,305,181,vertical,44,44,6446.44570101032,1161.9828699349705,4193.102442662935,1097.773160882778,10305.305259488434,1931.6554540099476,10532.471166974768,1498.0120584514475,20.0,4.0,10.0
242,20240521,14,263,273,307,489,horizontal,44,216,5964.496801227613,1539.6879544347396,4303.174309334893,1510.5749603717109,10915.804334849592,2242.0194546545194,10972.57238022441,1951.371614439326,130.0,95.0,10.0
243,20240521,15,271,649,315,693,vertical,44,44,6896.774669000363,1489.7997963444634,4727.263829707433,1195.4350107170987,11465.872539508182,2560.048995374694,11615.79886520587,1809.286984065644,33.0,37.0,10.0
244,20240521,16,274,788,318,1004,horizontal,44,216,5897.132518771391,1669.107571933774,4149.842831774129,1625.70956281002,9909.853240261498,1949.3049984892548,9926.47538063598,1847.5264276182656,120.0,87.0,10.0
245,20240521,17,274,1165,318,1209,vertical,44,44,6310.683581905032,1122.7178956505882,3491.5853162668013,563.3732919901065,10618.172872541209,1664.2269630169276,8310.946717264746,2264.7432305597254,23.0,4.0,10.0
246,20240521,18,277,1300,321,1516,horizontal,44,216,5723.452684458688,1532.9615979133546,3045.9593294676783,1088.1481790240912,9564.98678868138,2249.257244960138,8265.690796695808,1693.1848215395642,106.0,45.0,10.0
247,20240521,19,401,146,445,492,horizontal,44,346,6285.761458229638,1965.4660839181083,3307.104291253364,1105.6121855802276,10258.01483970295,1821.7165916916829,9623.512144404276,1907.7953034691784,141.0,95.0,10.0
248,20240521,20,403,654,447,1000,horizontal,44,346,6525.569351918327,2049.7660059990385,4343.891709238094,1357.0705177544137,10575.65700342044,2213.905731947428,9344.593363741156,1798.4899310962214,209.0,101.0,10.0
249,20240521,21,410,1161,454,1507,horizontal,44,346,5524.694053628276,1876.0592377215544,2077.0147976174067,641.8329522958356,9262.129613293007,2402.92432425034,6540.005343103898,1223.987119609157,129.0,64.0,10.0
250,20240521,22,514,139,558,247,horizontal,44,108,5406.829208989872,1542.105179971222,4167.823263636476,1247.2872720937546,8970.128590272874,2044.8248753397463,9510.53521741442,1434.7964506860658,69.0,50.0,10.0
251,20240521,23,514,362,558,492,horizontal,44,130,5527.378221557199,1527.902331367399,3632.385966743665,1306.201190173815,9844.7006537407,2125.091180727612,9813.876993588608,1924.6919417544896,82.0,67.0,10.0
252,20240521,24,519,653,563,761,horizontal,44,108,6107.782299069372,2495.009932571209,4198.075816618584,1766.440968890737,9742.19842705308,1769.3348164336392,10168.21002417714,2167.6130707133348,67.0,58.0,10.0
253,20240521,25,522,875,566,1005,horizontal,44,130,5867.575637928331,1605.0430643799791,3767.54602947553,1103.0616393431949,9811.777791626228,1894.393655844024,8378.923258048006,1549.982573736252,80.0,36.0,10.0
254,20240521,26,527,1166,571,1274,horizontal,44,108,4896.914359640512,1829.6636787566845,2705.7859562791496,824.6508503250963,8663.422181947744,2601.738465919951,8625.27321464573,1552.5549337288603,44.0,24.0,10.0
255,20240521,27,530,1389,574,1519,horizontal,44,130,5074.499713537258,1446.5551334427987,1838.5962546512944,392.4788675302159,8494.577630376314,2500.0720155098693,5881.855391326961,1670.6054343101157,41.0,16.0,10.0
256,20240521,28,645,136,689,222,horizontal,44,86,5867.833777808872,1942.6275585101891,4466.23094143906,1547.106263284198,10542.587025137927,2077.163172364603,8568.603830015998,2250.033501252627,49.0,16.0,10.0
257,20240521,29,646,315,690,488,horizontal,44,173,6639.163138104083,2237.1364018426384,4475.347418783734,1728.140487794593,10465.681266620377,2480.7273351591325,10174.293919941456,2019.0598850670528,91.0,83.0,10.0
258,20240521,30,649,651,693,737,horizontal,44,86,5748.10113916363,1950.2532013305772,2661.135101220288,659.4243227177682,9835.571952373031,2038.6663654385256,7615.924936458763,1380.57670674679,42.0,17.0,10.0
259,20240521,31,660,1338,704,1511,horizontal,44,173,5164.874331260011,1559.1618785319447,2329.420477432301,488.64088929403465,8365.999524600735,2162.44721924221,6641.87073308164,1150.1253642045117,43.0,24.0,10.0
260,20240521,32,774,133,818,177,vertical,44,44,5521.1769482676655,1886.3266711099288,2147.499207683137,644.2497547787096,8933.2635557854,2565.2859841785294,8756.754283927903,2153.1272438892024,14.0,6.0,10.0
261,20240521,33,774,269,818,485,horizontal,44,216,6359.853428093783,1510.624719974879,4228.293490048848,1451.799729768073,10636.943472773208,2182.5096076167943,10113.24422786902,1926.795837220272,120.0,74.0,10.0
262,20240521,34,781,647,825,691,vertical,44,44,7145.486484188044,2764.5596730722937,2302.9537608804994,466.14787245693935,11477.403780329058,2267.1467020720847,7649.369799842543,1255.6335300925095,31.0,7.0,10.0
263,20240521,35,783,789,827,1005,horizontal,44,216,5707.55877970541,1817.0931731050816,2775.888558488602,782.1253465995964,9323.50407224246,2209.08501605432,8321.301702461524,1776.8753954118922,81.0,41.0,10.0
264,20240521,36,904,134,948,480,horizontal,44,346,5927.482048859524,2020.206957311737,3653.073108688719,1225.9012404406574,10248.851625647912,2211.2511949625946,9206.3364716561,2437.330496029984,174.0,99.0,10.0
265,20240521,37,914,649,958,995,horizontal,44,346,5032.624182126915,1851.7304377399607,2400.4572056707216,695.0233394039004,8630.964207138573,3090.7970439865853,7366.332586993257,1815.8358208999207,88.0,69.0,10.0
266,20240521,38,1026,133,1070,241,horizontal,44,108,5251.862901980687,2097.5088353420247,3134.567641763276,1263.9777020713468,8565.2703436159,2187.122839050533,8013.726140204349,1923.7328381836728,59.0,28.0,10.0
267,20240521,39,1029,354,1073,484,horizontal,44,130,5187.845511645573,1335.4014523378717,3702.4037471042952,1591.4781777233172,8812.589428693744,2145.5536550300444,8649.485003483152,1584.1685895358228,64.0,28.0,10.0
268,20240521,40,1039,1382,1083,1512,horizontal,44,130,5062.251628068729,1321.8558035881035,2054.071493421604,513.3957687419199,8286.920775480397,1856.9083990804256,6150.28254710397,1473.611472558528,28.0,21.0,10.0
269,20240521,41,1156,132,1200,218,horizontal,44,86,5757.188620603776,1545.102725036879,3848.4226803541137,1579.2768361114354,10404.567471797378,2192.1180046511126,9159.03575118637,1950.4640372920555,57.0,21.0,10.0
270,20240521,42,1161,643,1205,729,horizontal,44,86,5455.9549805144725,1470.5534624077177,3142.828389229259,908.2342104193052,9105.52004679052,1747.5870191215972,7154.562987450401,1583.023643342635,40.0,19.0,10.0
271,20240521,43,1292,640,1336,684,vertical,44,44,5182.505581201483,1985.4110701601985,2958.930143905301,655.9084851632311,9238.853729686656,2916.145935846432,7807.282156801996,1660.0271550651062,16.0,7.0,10.0
272,20250126,1,17,0,61,1536,horizontal,44,1536,2373.6945001089966,622.7348548304302,1652.0841727132702,586.8571054255931,11304.500036064612,2372.507706537783,11639.290815715856,2927.5831300436366,609.0,487.0,22.0
273,20250126,2,195,0,239,1536,horizontal,44,1536,2666.572015248033,754.7964583724041,1891.3248414312784,715.5610522683456,12902.336578552262,2705.463648340123,13173.602907360942,2788.12905128609,788.0,624.0,22.0
274,20250126,3,362,0,406,1536,horizontal,44,1536,2611.297061974751,714.1220135822622,1857.2490575850336,599.9014435064435,13009.136320408596,2654.582757306616,13305.819067877314,2691.246739915287,774.0,739.0,22.0
275,20250126,4,531,0,575,1536,horizontal,44,1536,2568.861167171784,742.4193465842086,1807.698487906631,633.7555437158385,12224.033804141916,2467.2824123252763,12451.148283646524,2397.9643413726644,802.0,700.0,22.0
276,20250126,5,710,0,754,1536,horizontal,44,1536,2712.0966442720182,728.750013140573,2105.9851413736856,767.0220498207899,13222.804545888355,2410.560051113881,13971.46832601806,2722.416522368979,1003.0,998.0,22.0
277,20250126,6,873,0,917,1536,horizontal,44,1536,2650.9347806808414,700.8747737862577,2015.7749581820644,632.8257062030793,13202.142249350229,2434.229265390359,13717.461760596383,2465.8600445029338,987.0,963.0,22.0
278,20250126,7,1049,0,1093,1536,horizontal,44,1536,2593.018257612062,758.7267979827134,1907.771896956528,648.1373492494882,12626.297241598491,2512.464311058841,13137.15075972296,2572.28117164801,975.0,972.0,22.0
279,20250126,8,1223,0,1267,1536,horizontal,44,1536,2737.0360853530824,781.6574197710097,2030.9120488388096,755.464074056656,13384.298977779712,2601.0862456123937,13929.666196472905,2676.7148562082016,878.0,844.0,22.0
280,20250126,9,1389,0,1433,1536,horizontal,44,1536,2598.030942572536,751.9975248838302,1907.963454530522,645.0445739631379,13073.416826161383,2415.259837065632,13582.708524049243,2594.821965786567,821.0,819.0,22.0
281,20250131,1,17,0,61,1536,horizontal,44,1536,2736.1308808235235,810.9086589790084,1908.583659649176,799.5510167393096,13226.15033623904,2928.5958537865545,12521.848686561842,3509.1146509574683,1181.0,688.0,18.0
282,20250131,2,195,0,239,1536,horizontal,44,1536,2670.272704999036,752.9121134962991,1583.87789932321,692.798665851088,13148.849591693945,2726.850559411152,11269.375131760407,3352.728103835432,817.0,355.0,18.0
283,20250131,3,372,0,416,1536,horizontal,44,1536,2830.823221061625,885.732383649045,1634.1225180912388,734.6961161937396,13521.439339217692,2862.141083784072,11548.009219148908,3033.466135140404,911.0,466.0,18.0
284,20250131,4,544,0,588,1536,horizontal,44,1536,2738.6705189288496,1072.8705468094774,1738.3745984582986,922.1356165001424,12847.67000236147,3001.046144679772,11759.693537207067,3557.872450336042,836.0,468.0,18.0
285,20250131,5,726,0,770,1536,horizontal,44,1536,2787.2382380347003,865.9608030003789,1568.5467658001976,729.7375615416099,13440.124254896144,2687.8042917643647,11613.082321743335,3427.409469801106,801.0,410.0,18.0
286,20250131,6,902,0,946,1536,horizontal,44,1536,2755.6595272045106,996.1081390090336,1304.2369596477397,449.8730985217804,13034.477304890535,2797.1077617830992,9878.565569622984,2362.033555776334,755.0,328.0,18.0
287,20250131,7,1083,0,1127,1536,horizontal,44,1536,2565.084413546084,665.8635385902032,1424.1107524442116,588.4045706235304,12512.421904348455,2551.003988356249,9985.750121522437,2694.417966484461,795.0,311.0,18.0
288,20250131,8,1258,0,1302,1536,horizontal,44,1536,2692.0490893702354,748.9046361143952,1414.8805304377663,611.7711188938026,13125.624061224344,2722.348681212588,10469.454112361922,2703.894141496345,744.0,316.0,18.0
289,20250131,9,1439,0,1483,1536,horizontal,44,1536,2555.500804714995,700.0879353682293,1469.1879216400098,682.1140419601555,12357.974998591122,2499.745293645975,10348.587661924412,2569.463979569368,683.0,332.0,18.0
